user_id,user_gender,country,age_group,traveller_type,join_date
1,Female,United Kingdom,35-44,Solo,29-09-2024
2,Male,United Kingdom,25-34,Solo,29-11-2023
3,Female,Mexico,25-34,Family,03-04-2022
4,Male,India,35-44,Family,02-12-2023
5,Other,Japan,25-34,Solo,18-12-2021
6,Male,Brazil,25-34,Couple,27-06-2025
7,Male,United Kingdom,25-34,Business,13-07-2022
8,Female,Spain,45-54,Couple,05-09-2024
9,Female,India,35-44,Solo,01-03-2025
10,Male,United Kingdom,45-54,Solo,14-11-2024
11,Other,China,25-34,Couple,25-02-2022
12,Female,India,25-34,Solo,13-12-2024
13,Male,Italy,25-34,Couple,31-07-2022
14,Male,United States,18-24,Family,29-06-2021
15,Female,Nigeria,35-44,Couple,18-10-2021
16,Male,New Zealand,25-34,Business,16-07-2023
17,Female,United States,25-34,Family,28-01-2025
18,Male,India,18-24,Couple,16-04-2023
19,Male,Australia,35-44,Couple,26-11-2021
20,Female,Spain,55+,Solo,01-01-2022
21,Male,Australia,25-34,Couple,16-09-2020
22,Male,Germany,35-44,Solo,14-08-2022
23,Female,United Kingdom,35-44,Solo,27-12-2024
24,Male,France,25-34,Solo,18-04-2024
25,Male,Japan,25-34,Business,14-11-2024
26,Male,China,35-44,Family,25-01-2022
27,Female,United States,45-54,Couple,06-03-2025
28,Male,China,25-34,Family,23-09-2023
29,Female,Brazil,45-54,Solo,08-05-2025
30,Female,India,18-24,Family,11-10-2021
31,Male,Japan,25-34,Solo,17-10-2023
32,Male,China,35-44,Family,09-07-2025
33,Female,India,35-44,Family,05-03-2022
34,Female,United Kingdom,35-44,Solo,26-04-2024
35,Male,Australia,55+,Business,10-02-2021
36,Male,Russia,18-24,Couple,26-03-2024
37,Male,Australia,18-24,Couple,19-08-2020
38,Male,United States,35-44,Couple,07-04-2023
39,Female,Egypt,25-34,Family,17-08-2020
40,Female,Russia,35-44,Solo,02-04-2024
41,Male,Spain,18-24,Solo,17-02-2022
42,Male,United Kingdom,35-44,Business,09-11-2023
43,Other,Argentina,35-44,Family,08-08-2023
44,Male,Germany,35-44,Couple,18-08-2021
45,Male,United States,35-44,Family,01-05-2023
46,Female,Germany,35-44,Family,18-08-2022
47,Male,Germany,35-44,Family,30-01-2022
48,Female,New Zealand,45-54,Solo,18-04-2025
49,Female,United States,45-54,Solo,10-04-2024
50,Female,India,25-34,Family,09-03-2021
51,Female,United Kingdom,45-54,Couple,21-10-2023
52,Male,Japan,25-34,Business,23-05-2025
53,Male,South Africa,45-54,Family,11-01-2023
54,Male,United States,25-34,Couple,20-05-2021
55,Female,United Kingdom,55+,Business,13-06-2021
56,Female,Spain,55+,Family,01-03-2024
57,Male,Russia,35-44,Solo,23-11-2022
58,Male,China,35-44,Business,21-09-2021
59,Female,United States,25-34,Couple,07-03-2025
60,Male,United States,45-54,Solo,14-06-2025
61,Female,Japan,55+,Solo,11-05-2024
62,Female,Australia,25-34,Solo,30-06-2023
63,Female,France,25-34,Couple,30-06-2023
64,Female,United States,45-54,Business,03-12-2021
65,Male,United States,25-34,Solo,13-10-2021
66,Other,United States,25-34,Couple,07-04-2025
67,Male,United States,35-44,Couple,11-05-2021
68,Other,Mexico,25-34,Solo,13-12-2024
69,Male,Germany,35-44,Business,14-12-2022
70,Male,Germany,55+,Family,07-01-2024
71,Male,New Zealand,25-34,Couple,28-05-2025
72,Female,China,35-44,Solo,25-07-2022
73,Female,United Kingdom,18-24,Solo,06-03-2025
74,Male,France,35-44,Business,20-06-2022
75,Female,Italy,45-54,Business,19-09-2023
76,Female,Australia,25-34,Family,22-04-2023
77,Female,Italy,35-44,Family,16-05-2022
78,Female,Japan,45-54,Business,13-08-2022
79,Male,United States,35-44,Couple,16-12-2020
80,Male,Australia,25-34,Couple,28-01-2022
81,Other,Australia,35-44,Couple,25-06-2023
82,Female,Thailand,25-34,Couple,12-01-2021
83,Male,United States,25-34,Solo,03-07-2024
84,Female,United Arab Emirates,35-44,Family,16-01-2022
85,Male,Japan,35-44,Family,28-04-2023
86,Male,South Korea,45-54,Business,27-07-2023
87,Female,Germany,18-24,Solo,07-03-2022
88,Male,France,45-54,Family,23-08-2024
89,Female,Argentina,25-34,Couple,24-05-2025
90,Male,United Kingdom,45-54,Family,28-10-2024
91,Female,United Kingdom,25-34,Family,15-08-2024
92,Female,United States,25-34,Solo,09-10-2023
93,Male,Turkey,35-44,Couple,26-08-2021
94,Female,United Kingdom,45-54,Couple,10-09-2024
95,Male,United States,18-24,Couple,28-12-2023
96,Male,China,25-34,Business,10-07-2024
97,Male,New Zealand,35-44,Family,30-01-2023
98,Female,Germany,25-34,Solo,01-02-2025
99,Female,United States,25-34,Solo,27-08-2020
100,Male,China,35-44,Couple,13-05-2023
101,Male,China,25-34,Solo,26-01-2023
102,Female,India,25-34,Couple,19-03-2024
103,Other,Italy,35-44,Solo,17-08-2020
104,Male,China,25-34,Family,18-08-2023
105,Male,United Arab Emirates,18-24,Solo,06-06-2022
106,Other,Brazil,45-54,Couple,28-11-2023
107,Female,Netherlands,35-44,Business,03-09-2020
108,Male,Argentina,25-34,Couple,03-03-2023
109,Female,United Kingdom,45-54,Couple,18-02-2024
110,Male,Canada,25-34,Business,20-04-2025
111,Male,United States,25-34,Couple,27-11-2022
112,Other,France,35-44,Business,03-08-2021
113,Male,United States,35-44,Couple,02-05-2024
114,Female,China,25-34,Family,23-01-2024
115,Female,United States,45-54,Family,17-03-2021
116,Female,Japan,35-44,Solo,27-03-2023
117,Male,China,55+,Solo,11-08-2023
118,Other,Netherlands,25-34,Couple,29-05-2024
119,Female,United Arab Emirates,35-44,Solo,20-08-2020
120,Female,New Zealand,35-44,Couple,26-06-2021
121,Male,Canada,25-34,Solo,26-08-2023
122,Female,Germany,25-34,Family,15-03-2023
123,Female,France,25-34,Couple,24-04-2022
124,Female,France,35-44,Family,24-05-2024
125,Female,United Kingdom,35-44,Family,31-12-2021
126,Female,Brazil,25-34,Couple,12-05-2024
127,Female,Canada,25-34,Business,10-05-2025
128,Male,China,55+,Family,04-05-2023
129,Male,Canada,35-44,Couple,23-08-2021
130,Female,United States,25-34,Couple,01-07-2024
131,Male,Japan,25-34,Family,22-11-2020
132,Female,Australia,35-44,Family,18-10-2020
133,Male,Brazil,55+,Business,04-11-2024
134,Female,China,35-44,Couple,06-11-2022
135,Male,France,25-34,Family,12-05-2021
136,Female,United Kingdom,25-34,Couple,22-12-2023
137,Male,South Africa,25-34,Family,19-01-2025
138,Female,Spain,25-34,Family,03-02-2022
139,Other,Australia,55+,Business,11-12-2023
140,Male,Turkey,18-24,Business,03-03-2023
141,Male,United Kingdom,35-44,Couple,18-01-2024
142,Male,Spain,35-44,Business,24-11-2021
143,Female,Brazil,35-44,Family,07-10-2020
144,Male,Germany,25-34,Family,11-07-2025
145,Female,Germany,35-44,Family,16-12-2022
146,Male,France,45-54,Couple,11-02-2024
147,Male,United States,35-44,Couple,26-10-2022
148,Other,Netherlands,45-54,Family,23-12-2020
149,Other,France,45-54,Business,27-05-2024
150,Female,Germany,35-44,Solo,16-07-2024
151,Female,Argentina,55+,Couple,26-03-2022
152,Female,Spain,35-44,Family,06-06-2024
153,Female,United States,35-44,Business,25-06-2023
154,Female,United Kingdom,35-44,Family,08-06-2021
155,Male,United States,35-44,Couple,28-03-2021
156,Male,Russia,25-34,Couple,03-04-2024
157,Male,Canada,18-24,Family,05-03-2021
158,Male,United Kingdom,35-44,Business,29-01-2023
159,Female,United States,25-34,Business,05-06-2025
160,Male,China,25-34,Couple,02-09-2024
161,Female,United States,25-34,Family,07-05-2022
162,Male,Germany,35-44,Solo,21-05-2025
163,Other,United Kingdom,55+,Couple,21-01-2021
164,Male,South Korea,55+,Couple,18-04-2023
165,Female,Italy,25-34,Solo,08-11-2022
166,Female,China,35-44,Solo,03-10-2021
167,Female,United States,35-44,Couple,17-03-2022
168,Female,United Kingdom,55+,Couple,02-03-2025
169,Male,Turkey,18-24,Family,02-05-2025
170,Other,United Kingdom,35-44,Solo,14-09-2021
171,Female,Italy,35-44,Family,23-01-2021
172,Male,United Arab Emirates,45-54,Couple,04-11-2024
173,Other,France,45-54,Solo,30-01-2021
174,Male,Germany,35-44,Solo,10-01-2025
175,Female,Russia,55+,Couple,21-10-2023
176,Male,Germany,25-34,Couple,02-02-2025
177,Female,India,55+,Family,19-02-2024
178,Male,France,25-34,Family,08-07-2025
179,Male,France,45-54,Couple,06-07-2025
180,Female,Germany,25-34,Solo,11-06-2025
181,Male,Germany,25-34,Business,26-09-2023
182,Female,United States,35-44,Business,15-03-2023
183,Female,Japan,25-34,Couple,17-08-2020
184,Male,Nigeria,25-34,Couple,21-09-2022
185,Female,United States,35-44,Family,16-09-2024
186,Female,Spain,55+,Couple,28-10-2021
187,Male,Germany,25-34,Family,17-02-2024
188,Female,Thailand,25-34,Solo,28-07-2023
189,Female,New Zealand,45-54,Family,17-05-2024
190,Female,Nigeria,25-34,Family,10-06-2023
191,Female,United Kingdom,35-44,Family,14-02-2025
192,Male,China,45-54,Couple,15-05-2024
193,Female,France,25-34,Family,31-03-2022
194,Male,Japan,55+,Solo,21-07-2023
195,Female,Canada,18-24,Couple,14-12-2022
196,Female,United Kingdom,25-34,Couple,17-06-2023
197,Male,Singapore,35-44,Couple,11-12-2023
198,Male,China,45-54,Family,03-01-2023
199,Male,United Kingdom,35-44,Couple,15-07-2025
200,Female,United States,25-34,Business,09-02-2024
201,Female,Argentina,35-44,Couple,12-09-2021
202,Male,United Kingdom,35-44,Family,28-05-2025
203,Other,Turkey,45-54,Couple,23-03-2024
204,Male,Italy,25-34,Business,04-08-2024
205,Female,United States,45-54,Solo,25-03-2021
206,Male,Nigeria,25-34,Business,18-10-2022
207,Female,Mexico,35-44,Family,07-11-2023
208,Male,United Kingdom,25-34,Family,25-10-2021
209,Male,Mexico,18-24,Couple,04-02-2023
210,Other,Germany,25-34,Solo,09-06-2022
211,Male,United States,25-34,Couple,23-06-2024
212,Male,United Kingdom,35-44,Solo,10-11-2024
213,Female,United States,25-34,Business,09-08-2024
214,Male,Japan,35-44,Solo,07-11-2023
215,Female,South Africa,45-54,Solo,09-01-2023
216,Male,Germany,25-34,Couple,08-03-2025
217,Male,Thailand,25-34,Couple,01-08-2021
218,Male,United States,45-54,Solo,12-08-2022
219,Other,Russia,35-44,Business,15-03-2023
220,Female,Germany,25-34,Solo,07-07-2024
221,Male,China,35-44,Couple,14-01-2022
222,Female,Canada,35-44,Solo,22-05-2023
223,Other,United States,25-34,Couple,19-01-2022
224,Male,United Kingdom,35-44,Business,26-05-2024
225,Female,France,25-34,Couple,27-12-2023
226,Female,United Arab Emirates,55+,Business,21-03-2023
227,Male,United Kingdom,35-44,Family,20-12-2024
228,Female,Egypt,25-34,Couple,09-12-2022
229,Male,Brazil,45-54,Business,03-06-2025
230,Male,France,45-54,Couple,29-04-2023
231,Other,China,55+,Couple,16-06-2025
232,Female,United States,25-34,Couple,24-12-2020
233,Female,United Kingdom,45-54,Business,04-11-2022
234,Male,France,35-44,Business,24-10-2021
235,Male,Thailand,35-44,Couple,16-06-2025
236,Male,United States,18-24,Solo,31-01-2024
237,Male,United States,18-24,Solo,26-06-2021
238,Female,Australia,35-44,Couple,24-08-2024
239,Male,South Korea,35-44,Family,13-09-2023
240,Male,United Kingdom,25-34,Business,03-09-2020
241,Female,United Kingdom,18-24,Family,30-12-2024
242,Female,Netherlands,25-34,Couple,15-03-2025
243,Male,Spain,35-44,Couple,09-02-2024
244,Male,Thailand,18-24,Family,09-09-2020
245,Male,United States,18-24,Solo,12-04-2024
246,Female,New Zealand,55+,Family,30-09-2020
247,Male,France,45-54,Couple,04-03-2023
248,Female,Canada,25-34,Couple,28-07-2021
249,Male,United States,35-44,Solo,23-04-2025
250,Male,United States,25-34,Solo,06-08-2025
251,Female,China,35-44,Couple,28-02-2023
252,Male,China,45-54,Family,06-04-2025
253,Female,Egypt,18-24,Solo,05-03-2022
254,Female,France,35-44,Business,24-03-2022
255,Female,New Zealand,55+,Solo,25-04-2025
256,Female,India,55+,Couple,25-10-2020
257,Female,United States,55+,Family,03-10-2021
258,Male,Mexico,45-54,Couple,17-02-2023
259,Male,United Arab Emirates,45-54,Business,06-11-2021
260,Male,Mexico,45-54,Couple,26-11-2020
261,Female,Germany,25-34,Couple,02-05-2023
262,Male,United Kingdom,35-44,Family,19-04-2021
263,Male,France,55+,Business,03-07-2024
264,Male,France,18-24,Couple,29-01-2022
265,Male,Canada,35-44,Family,22-07-2023
266,Male,United Arab Emirates,25-34,Solo,18-12-2023
267,Female,Canada,35-44,Business,31-07-2021
268,Male,Mexico,55+,Couple,17-07-2023
269,Female,Japan,25-34,Family,11-05-2022
270,Female,Argentina,45-54,Family,02-02-2023
271,Male,China,45-54,Family,22-07-2024
272,Other,Canada,45-54,Couple,05-02-2023
273,Female,United Kingdom,25-34,Business,26-11-2022
274,Female,Nigeria,35-44,Solo,10-01-2024
275,Female,Germany,45-54,Family,02-05-2023
276,Female,United Arab Emirates,18-24,Couple,16-11-2024
277,Male,United Kingdom,45-54,Family,15-04-2025
278,Female,Japan,25-34,Solo,30-09-2022
279,Male,Australia,35-44,Couple,28-01-2021
280,Female,South Korea,18-24,Business,06-12-2024
281,Female,Germany,35-44,Business,10-03-2025
282,Male,United Arab Emirates,25-34,Couple,27-11-2020
283,Male,United States,35-44,Couple,26-03-2023
284,Male,Germany,45-54,Solo,22-08-2023
285,Male,Germany,18-24,Solo,20-06-2022
286,Female,United Kingdom,25-34,Family,12-06-2025
287,Female,United Arab Emirates,25-34,Business,20-08-2020
288,Male,Australia,18-24,Business,24-08-2021
289,Female,Japan,35-44,Couple,11-01-2021
290,Male,Japan,25-34,Couple,11-11-2020
291,Male,South Korea,45-54,Couple,28-07-2022
292,Female,Mexico,45-54,Couple,28-02-2021
293,Male,United Kingdom,35-44,Solo,29-11-2023
294,Male,United Kingdom,25-34,Couple,28-01-2024
295,Female,Germany,55+,Couple,30-11-2022
296,Male,United States,18-24,Solo,13-09-2021
297,Male,Japan,18-24,Couple,27-04-2022
298,Male,China,45-54,Family,05-03-2022
299,Male,Thailand,35-44,Couple,05-03-2023
300,Female,Australia,45-54,Solo,13-03-2021
301,Male,China,55+,Solo,23-12-2024
302,Male,China,35-44,Couple,27-05-2022
303,Female,Mexico,18-24,Couple,04-01-2023
304,Male,United States,35-44,Couple,04-12-2021
305,Female,United Kingdom,25-34,Family,19-01-2023
306,Male,India,35-44,Solo,22-01-2021
307,Female,South Korea,18-24,Business,25-06-2022
308,Other,South Korea,25-34,Family,24-04-2025
309,Male,Italy,25-34,Couple,06-05-2024
310,Male,Japan,25-34,Solo,27-10-2024
311,Female,United Kingdom,35-44,Solo,14-05-2023
312,Male,United Kingdom,55+,Couple,26-03-2023
313,Male,Nigeria,25-34,Family,10-08-2020
314,Other,China,18-24,Family,24-04-2023
315,Male,Mexico,55+,Business,20-07-2023
316,Male,United Kingdom,25-34,Solo,06-10-2021
317,Female,China,35-44,Solo,22-09-2022
318,Female,China,25-34,Couple,30-05-2023
319,Female,China,45-54,Family,26-12-2024
320,Female,Brazil,35-44,Couple,23-09-2022
321,Female,United Arab Emirates,45-54,Solo,21-01-2025
322,Female,United States,25-34,Solo,18-04-2023
323,Male,France,45-54,Solo,24-10-2024
324,Male,China,25-34,Couple,27-03-2025
325,Male,Brazil,25-34,Business,23-02-2022
326,Male,France,45-54,Family,26-03-2021
327,Male,United States,25-34,Family,29-12-2023
328,Female,Germany,35-44,Couple,04-09-2022
329,Male,India,45-54,Family,26-07-2024
330,Male,Singapore,18-24,Family,08-12-2024
331,Female,Netherlands,18-24,Solo,14-08-2020
332,Female,France,35-44,Couple,07-12-2024
333,Male,Nigeria,25-34,Couple,23-10-2021
334,Male,France,45-54,Business,16-05-2024
335,Other,Japan,35-44,Family,10-03-2023
336,Male,United Arab Emirates,25-34,Couple,14-05-2023
337,Female,Brazil,18-24,Business,30-12-2023
338,Male,Germany,25-34,Couple,01-10-2022
339,Female,United Kingdom,18-24,Couple,24-12-2021
340,Male,Russia,45-54,Business,28-04-2025
341,Female,Netherlands,18-24,Business,12-10-2023
342,Other,Netherlands,45-54,Solo,19-01-2022
343,Female,Brazil,35-44,Family,01-01-2021
344,Male,South Korea,45-54,Solo,17-11-2023
345,Female,France,18-24,Business,28-04-2025
346,Female,New Zealand,35-44,Solo,16-02-2025
347,Other,United Arab Emirates,25-34,Couple,25-10-2023
348,Female,United Arab Emirates,45-54,Family,12-04-2024
349,Female,China,25-34,Couple,26-04-2021
350,Female,Russia,25-34,Couple,17-02-2022
351,Male,South Korea,55+,Couple,13-10-2024
352,Female,Brazil,35-44,Business,08-06-2025
353,Male,United Arab Emirates,55+,Business,14-07-2025
354,Male,Germany,25-34,Family,14-06-2023
355,Female,United Kingdom,25-34,Solo,12-11-2020
356,Female,United States,35-44,Business,20-03-2025
357,Male,China,18-24,Family,02-08-2022
358,Male,United Kingdom,25-34,Solo,19-01-2022
359,Female,France,25-34,Family,04-04-2024
360,Other,Spain,35-44,Solo,28-01-2025
361,Male,France,35-44,Solo,23-09-2023
362,Male,Brazil,18-24,Business,17-11-2023
363,Male,Germany,35-44,Solo,25-10-2021
364,Male,United Kingdom,55+,Family,06-03-2021
365,Female,Turkey,55+,Solo,20-03-2022
366,Male,Mexico,18-24,Couple,13-12-2021
367,Other,India,55+,Family,21-10-2020
368,Male,Germany,35-44,Solo,28-05-2024
369,Female,United Kingdom,25-34,Couple,26-09-2022
370,Female,Mexico,25-34,Solo,12-03-2021
371,Female,United States,55+,Family,20-01-2022
372,Female,Japan,25-34,Solo,29-06-2023
373,Female,China,35-44,Solo,02-04-2025
374,Female,Spain,35-44,Couple,28-07-2024
375,Female,United Kingdom,45-54,Couple,30-07-2023
376,Other,United Kingdom,25-34,Couple,05-05-2023
377,Other,Brazil,55+,Business,08-08-2024
378,Male,Brazil,35-44,Family,26-05-2021
379,Male,United States,45-54,Business,04-06-2024
380,Female,China,35-44,Family,31-12-2020
381,Female,United Kingdom,18-24,Couple,01-07-2023
382,Male,South Africa,45-54,Family,23-08-2024
383,Male,Japan,45-54,Business,05-05-2024
384,Female,Germany,55+,Couple,15-06-2025
385,Male,Brazil,45-54,Solo,19-07-2025
386,Female,Brazil,35-44,Family,17-06-2024
387,Other,Canada,18-24,Business,07-07-2022
388,Male,Netherlands,35-44,Family,16-12-2022
389,Female,Turkey,25-34,Couple,17-01-2024
390,Female,Australia,35-44,Business,12-04-2024
391,Female,United States,45-54,Couple,01-08-2023
392,Male,Brazil,35-44,Family,14-12-2020
393,Female,Brazil,18-24,Business,07-02-2025
394,Female,China,35-44,Solo,09-11-2024
395,Male,Argentina,45-54,Couple,04-02-2024
396,Male,United States,35-44,Couple,04-05-2022
397,Male,Canada,35-44,Family,28-07-2022
398,Male,Canada,55+,Family,22-04-2022
399,Male,United States,18-24,Couple,30-08-2024
400,Female,Germany,25-34,Solo,16-10-2024
401,Female,United Arab Emirates,25-34,Solo,06-07-2021
402,Male,United Kingdom,18-24,Solo,21-02-2025
403,Male,France,25-34,Business,29-04-2021
404,Male,Canada,25-34,Family,23-12-2023
405,Male,France,35-44,Business,06-12-2023
406,Female,Australia,25-34,Solo,11-12-2021
407,Male,Mexico,25-34,Solo,28-01-2021
408,Male,China,35-44,Couple,01-01-2025
409,Male,China,35-44,Family,20-04-2025
410,Male,United Kingdom,45-54,Couple,21-02-2023
411,Male,Canada,25-34,Couple,15-07-2021
412,Female,Australia,45-54,Business,26-01-2023
413,Female,Japan,35-44,Family,27-08-2024
414,Male,France,55+,Business,14-09-2022
415,Male,Thailand,55+,Family,18-10-2020
416,Male,Australia,45-54,Business,27-10-2022
417,Female,Canada,45-54,Couple,19-07-2021
418,Male,China,55+,Business,02-06-2021
419,Other,Germany,35-44,Couple,28-06-2022
420,Other,United Arab Emirates,35-44,Couple,28-11-2023
421,Male,United Kingdom,45-54,Business,24-11-2021
422,Male,Brazil,35-44,Business,04-11-2021
423,Female,Australia,35-44,Couple,21-01-2025
424,Female,Mexico,25-34,Couple,11-11-2023
425,Male,United Kingdom,35-44,Solo,05-05-2021
426,Female,United Arab Emirates,25-34,Family,20-08-2021
427,Female,China,25-34,Business,20-08-2023
428,Female,Netherlands,45-54,Solo,01-12-2021
429,Female,Germany,35-44,Couple,25-10-2020
430,Other,United States,45-54,Business,09-11-2023
431,Female,Australia,18-24,Family,28-08-2024
432,Female,United Kingdom,35-44,Couple,01-04-2025
433,Male,Brazil,45-54,Couple,20-12-2022
434,Male,Australia,18-24,Family,02-04-2021
435,Female,France,35-44,Couple,09-05-2024
436,Other,South Korea,18-24,Solo,29-10-2023
437,Female,Brazil,25-34,Couple,26-01-2025
438,Female,France,35-44,Family,27-05-2022
439,Male,Russia,25-34,Solo,22-09-2020
440,Female,China,55+,Solo,22-04-2023
441,Male,United States,35-44,Solo,29-10-2020
442,Other,Japan,35-44,Family,22-04-2021
443,Male,Thailand,25-34,Business,23-08-2022
444,Female,Thailand,18-24,Couple,26-10-2023
445,Other,Canada,45-54,Couple,10-01-2023
446,Female,Brazil,18-24,Family,02-11-2024
447,Male,United Kingdom,35-44,Couple,15-12-2020
448,Male,United Kingdom,35-44,Business,17-11-2024
449,Male,Japan,45-54,Family,12-03-2021
450,Male,Germany,35-44,Couple,30-11-2023
451,Female,United States,25-34,Couple,15-01-2025
452,Male,Russia,25-34,Solo,22-11-2024
453,Female,United Kingdom,35-44,Couple,28-08-2020
454,Female,United States,18-24,Solo,29-10-2021
455,Other,France,45-54,Family,21-05-2025
456,Male,United Kingdom,25-34,Family,24-05-2023
457,Female,South Korea,25-34,Couple,22-03-2025
458,Female,United Kingdom,18-24,Couple,27-04-2023
459,Female,South Korea,35-44,Business,03-10-2020
460,Other,China,25-34,Business,21-12-2022
461,Male,Germany,45-54,Couple,18-07-2023
462,Male,New Zealand,25-34,Couple,24-02-2021
463,Female,United Kingdom,35-44,Couple,23-07-2023
464,Female,United States,35-44,Solo,12-12-2023
465,Female,Singapore,35-44,Family,09-05-2023
466,Female,Germany,45-54,Business,23-04-2023
467,Male,United Kingdom,35-44,Business,22-01-2023
468,Other,South Korea,55+,Family,22-08-2023
469,Female,China,45-54,Couple,23-07-2025
470,Female,Italy,35-44,Couple,26-05-2021
471,Male,China,25-34,Business,12-06-2024
472,Male,United States,45-54,Couple,03-12-2022
473,Male,United Kingdom,18-24,Business,12-02-2021
474,Female,United States,45-54,Solo,03-01-2021
475,Male,Turkey,35-44,Family,06-07-2025
476,Male,United Kingdom,25-34,Family,25-04-2021
477,Other,Germany,25-34,Couple,06-10-2020
478,Female,Russia,35-44,Solo,06-06-2025
479,Male,United Kingdom,35-44,Solo,25-10-2022
480,Female,Germany,55+,Solo,22-11-2023
481,Male,United Kingdom,55+,Solo,02-02-2025
482,Male,Germany,55+,Solo,28-07-2024
483,Female,United States,45-54,Business,01-02-2024
484,Male,Germany,45-54,Business,09-06-2025
485,Female,Spain,55+,Solo,05-10-2023
486,Male,United States,18-24,Business,20-05-2024
487,Female,Canada,25-34,Family,01-04-2023
488,Male,France,45-54,Business,12-04-2023
489,Female,Australia,18-24,Couple,15-04-2024
490,Female,Canada,25-34,Couple,17-05-2025
491,Female,Singapore,25-34,Couple,25-08-2021
492,Male,Germany,18-24,Family,04-07-2025
493,Male,United States,35-44,Couple,15-12-2020
494,Female,Mexico,55+,Couple,26-06-2024
495,Male,Spain,55+,Couple,01-02-2022
496,Female,Canada,35-44,Solo,19-07-2023
497,Female,France,25-34,Couple,17-02-2022
498,Female,Spain,35-44,Solo,04-03-2025
499,Male,Germany,35-44,Solo,18-05-2023
500,Male,Japan,35-44,Business,17-11-2024
501,Male,Japan,25-34,Business,09-12-2020
502,Male,United States,25-34,Solo,20-10-2023
503,Female,Russia,25-34,Business,01-07-2021
504,Other,United Kingdom,25-34,Solo,09-02-2024
505,Female,United Kingdom,18-24,Couple,25-09-2021
506,Female,United Kingdom,45-54,Couple,25-05-2024
507,Male,Brazil,55+,Couple,23-03-2023
508,Male,China,35-44,Business,04-04-2024
509,Female,Russia,25-34,Business,14-06-2022
510,Female,United Kingdom,45-54,Business,14-05-2024
511,Female,France,35-44,Couple,05-09-2023
512,Male,Italy,25-34,Couple,22-12-2021
513,Other,South Korea,35-44,Family,13-06-2022
514,Other,Egypt,35-44,Couple,03-04-2022
515,Male,Germany,45-54,Couple,02-05-2022
516,Female,France,25-34,Couple,14-04-2021
517,Male,China,25-34,Solo,09-11-2023
518,Female,United Kingdom,18-24,Family,18-01-2023
519,Male,Turkey,25-34,Business,11-04-2024
520,Female,Japan,25-34,Couple,06-03-2022
521,Other,France,35-44,Couple,12-09-2021
522,Male,Germany,25-34,Couple,18-09-2021
523,Male,United States,25-34,Family,29-06-2022
524,Female,Australia,35-44,Business,01-09-2022
525,Male,China,18-24,Family,14-09-2020
526,Female,France,25-34,Couple,03-11-2024
527,Female,United Arab Emirates,25-34,Solo,08-04-2021
528,Male,United Kingdom,35-44,Family,21-07-2022
529,Male,Italy,35-44,Couple,27-12-2020
530,Male,United Kingdom,25-34,Business,05-04-2024
531,Female,South Korea,45-54,Family,27-12-2022
532,Female,China,25-34,Solo,13-05-2022
533,Female,China,25-34,Solo,28-08-2022
534,Female,United Arab Emirates,25-34,Family,08-10-2021
535,Female,Spain,45-54,Family,24-05-2023
536,Female,Spain,35-44,Business,26-03-2025
537,Female,Singapore,35-44,Solo,07-09-2023
538,Male,Italy,18-24,Business,05-12-2020
539,Male,Canada,25-34,Couple,11-04-2022
540,Female,China,25-34,Family,28-06-2023
541,Male,Italy,25-34,Family,25-11-2020
542,Male,Japan,35-44,Business,18-05-2024
543,Male,Australia,35-44,Business,08-04-2025
544,Male,Germany,25-34,Business,20-02-2025
545,Male,South Korea,35-44,Couple,18-12-2021
546,Male,Brazil,35-44,Couple,10-01-2023
547,Male,United States,25-34,Solo,04-02-2022
548,Female,China,25-34,Family,24-07-2025
549,Female,United States,55+,Couple,13-05-2024
550,Male,South Korea,55+,Couple,10-01-2023
551,Male,Germany,35-44,Business,27-08-2021
552,Female,United States,35-44,Business,26-08-2022
553,Female,Mexico,25-34,Couple,09-10-2022
554,Male,Russia,45-54,Business,24-02-2021
555,Male,Japan,35-44,Couple,19-06-2023
556,Male,Brazil,18-24,Solo,22-07-2023
557,Other,Germany,55+,Family,05-09-2020
558,Female,United Arab Emirates,35-44,Family,27-12-2022
559,Female,France,25-34,Couple,24-11-2021
560,Male,United States,35-44,Business,05-05-2021
561,Female,United States,35-44,Couple,22-09-2024
562,Other,China,18-24,Solo,08-05-2021
563,Female,China,25-34,Business,26-08-2020
564,Male,United States,25-34,Family,16-11-2024
565,Male,Argentina,35-44,Solo,26-03-2022
566,Female,United States,35-44,Couple,07-10-2022
567,Male,Japan,35-44,Family,05-08-2024
568,Male,New Zealand,25-34,Business,28-10-2021
569,Male,United Kingdom,18-24,Couple,21-11-2024
570,Male,Spain,25-34,Family,16-04-2025
571,Female,Nigeria,35-44,Business,01-10-2023
572,Female,Italy,35-44,Business,18-11-2021
573,Male,United Kingdom,35-44,Solo,03-02-2023
574,Female,United States,18-24,Business,17-10-2022
575,Male,United States,35-44,Solo,05-09-2020
576,Male,United Kingdom,45-54,Couple,16-07-2022
577,Male,Germany,35-44,Family,07-10-2024
578,Female,China,35-44,Couple,12-01-2024
579,Other,Germany,25-34,Couple,09-01-2022
580,Male,Spain,25-34,Solo,09-10-2023
581,Female,Turkey,25-34,Family,21-09-2022
582,Male,France,35-44,Business,14-10-2021
583,Male,Russia,35-44,Family,30-10-2022
584,Male,China,45-54,Couple,28-04-2023
585,Female,United States,35-44,Couple,18-01-2021
586,Female,Japan,35-44,Business,05-05-2021
587,Female,Brazil,45-54,Solo,23-02-2022
588,Male,United States,18-24,Solo,26-05-2022
589,Female,Germany,45-54,Business,07-09-2023
590,Other,Australia,45-54,Business,28-11-2024
591,Female,United Kingdom,25-34,Couple,17-10-2022
592,Female,United Arab Emirates,45-54,Couple,10-11-2022
593,Male,Japan,35-44,Couple,08-09-2024
594,Male,China,25-34,Business,28-09-2024
595,Male,Russia,35-44,Family,25-06-2024
596,Male,France,25-34,Couple,13-10-2022
597,Female,Spain,55+,Business,28-10-2021
598,Male,United Kingdom,25-34,Solo,29-03-2025
599,Female,United Arab Emirates,25-34,Business,08-02-2021
600,Male,United States,18-24,Business,11-02-2021
601,Female,United Arab Emirates,35-44,Business,07-07-2024
602,Male,China,35-44,Couple,18-06-2023
603,Male,China,25-34,Business,28-03-2023
604,Male,United States,18-24,Business,24-12-2024
605,Male,Germany,35-44,Couple,26-03-2021
606,Other,Japan,25-34,Business,19-01-2021
607,Other,Germany,35-44,Business,29-05-2024
608,Male,India,35-44,Solo,04-09-2020
609,Other,Spain,35-44,Business,03-06-2024
610,Female,China,25-34,Couple,02-04-2022
611,Female,United States,35-44,Family,17-04-2022
612,Male,United States,18-24,Family,10-10-2023
613,Female,Brazil,35-44,Family,18-05-2023
614,Male,United Kingdom,25-34,Couple,22-04-2021
615,Female,Italy,35-44,Couple,15-09-2022
616,Other,United States,35-44,Business,13-07-2023
617,Other,Turkey,25-34,Business,08-02-2024
618,Male,France,35-44,Family,31-01-2023
619,Female,France,25-34,Family,26-05-2024
620,Other,United Kingdom,55+,Family,20-11-2020
621,Male,France,55+,Couple,05-08-2023
622,Female,Australia,18-24,Business,23-03-2025
623,Female,United Kingdom,35-44,Family,18-06-2021
624,Male,United States,45-54,Couple,30-09-2021
625,Male,Italy,25-34,Family,06-02-2025
626,Female,Russia,35-44,Solo,07-05-2024
627,Other,United States,45-54,Solo,07-11-2021
628,Female,South Korea,35-44,Family,19-10-2024
629,Male,Brazil,55+,Solo,22-06-2021
630,Female,United States,35-44,Couple,04-12-2023
631,Male,India,45-54,Business,31-05-2021
632,Female,France,25-34,Couple,20-09-2024
633,Female,United States,25-34,Family,25-12-2023
634,Female,Brazil,35-44,Couple,02-01-2023
635,Male,Turkey,35-44,Solo,30-04-2025
636,Other,Italy,55+,Business,04-04-2022
637,Female,Australia,25-34,Business,10-07-2023
638,Male,France,45-54,Couple,18-02-2025
639,Male,Thailand,35-44,Couple,05-01-2021
640,Male,Germany,25-34,Couple,20-01-2024
641,Male,Spain,35-44,Couple,27-08-2020
642,Male,Germany,25-34,Family,14-06-2024
643,Female,New Zealand,18-24,Business,25-08-2020
644,Female,Thailand,35-44,Business,24-05-2021
645,Male,South Africa,55+,Couple,01-06-2022
646,Male,United States,18-24,Business,15-03-2024
647,Female,United Kingdom,45-54,Family,16-10-2024
648,Female,India,55+,Solo,14-12-2023
649,Female,Japan,35-44,Couple,22-01-2024
650,Male,Brazil,25-34,Business,28-04-2023
651,Female,China,25-34,Solo,28-12-2021
652,Female,Brazil,35-44,Business,01-12-2020
653,Male,Germany,35-44,Business,08-04-2023
654,Female,New Zealand,18-24,Family,02-02-2024
655,Other,Russia,25-34,Business,06-01-2022
656,Female,Argentina,25-34,Couple,26-10-2020
657,Other,United States,25-34,Couple,14-01-2021
658,Female,Spain,45-54,Business,01-06-2022
659,Other,United States,45-54,Family,05-05-2024
660,Male,Egypt,35-44,Solo,16-04-2025
661,Male,India,25-34,Couple,06-06-2021
662,Male,Canada,35-44,Couple,20-04-2025
663,Female,United Kingdom,18-24,Business,29-01-2022
664,Male,South Africa,18-24,Couple,17-10-2024
665,Female,Italy,35-44,Couple,26-02-2022
666,Male,United Kingdom,25-34,Family,08-09-2021
667,Male,United Kingdom,55+,Solo,20-04-2024
668,Other,Italy,25-34,Solo,05-04-2024
669,Male,China,18-24,Family,21-05-2023
670,Other,Spain,25-34,Family,28-09-2020
671,Male,United States,25-34,Couple,09-04-2023
672,Female,Germany,45-54,Family,15-08-2023
673,Male,United Kingdom,55+,Business,18-02-2025
674,Female,Turkey,35-44,Business,26-11-2022
675,Other,Brazil,25-34,Couple,24-10-2021
676,Male,United Arab Emirates,45-54,Couple,03-03-2023
677,Male,Spain,55+,Couple,19-03-2024
678,Female,Japan,35-44,Business,06-04-2021
679,Female,Australia,35-44,Family,19-10-2021
680,Female,Thailand,35-44,Couple,14-08-2020
681,Female,Netherlands,25-34,Couple,29-06-2023
682,Female,United States,45-54,Business,04-11-2021
683,Female,Turkey,35-44,Solo,19-11-2022
684,Female,South Korea,25-34,Solo,08-11-2023
685,Female,South Korea,45-54,Solo,30-07-2022
686,Male,United Kingdom,35-44,Solo,05-04-2024
687,Female,Brazil,55+,Couple,03-07-2024
688,Female,South Africa,45-54,Couple,27-09-2022
689,Female,United States,18-24,Solo,26-06-2022
690,Male,United States,25-34,Family,01-10-2024
691,Male,Russia,25-34,Couple,31-12-2021
692,Male,China,25-34,Couple,08-04-2022
693,Male,Japan,45-54,Family,08-10-2022
694,Male,Brazil,25-34,Couple,11-11-2021
695,Other,United States,45-54,Couple,26-02-2023
696,Female,Germany,55+,Business,03-11-2021
697,Other,United States,25-34,Business,23-11-2024
698,Male,United States,35-44,Couple,06-09-2020
699,Female,Japan,18-24,Family,20-06-2023
700,Male,China,25-34,Solo,31-07-2024
701,Male,United States,35-44,Family,09-12-2021
702,Male,Germany,18-24,Couple,03-06-2024
703,Female,United Kingdom,25-34,Couple,29-11-2020
704,Female,Netherlands,25-34,Couple,09-08-2023
705,Female,Turkey,25-34,Couple,14-04-2025
706,Female,Germany,45-54,Business,30-03-2021
707,Male,China,25-34,Family,29-12-2021
708,Female,Netherlands,35-44,Couple,30-07-2021
709,Male,Singapore,25-34,Solo,26-02-2025
710,Other,United Kingdom,18-24,Couple,02-02-2023
711,Female,Canada,25-34,Solo,07-09-2022
712,Other,Germany,35-44,Couple,14-10-2023
713,Female,Germany,45-54,Solo,21-06-2022
714,Male,United Kingdom,45-54,Business,17-05-2021
715,Male,India,25-34,Family,16-11-2024
716,Male,Thailand,35-44,Couple,07-02-2022
717,Male,Australia,35-44,Couple,24-06-2024
718,Male,New Zealand,55+,Couple,05-02-2024
719,Female,China,25-34,Family,24-04-2021
720,Male,Australia,25-34,Couple,11-10-2024
721,Male,France,55+,Family,27-01-2024
722,Female,South Korea,35-44,Family,25-05-2022
723,Male,United States,18-24,Business,01-09-2024
724,Male,United States,35-44,Business,09-04-2022
725,Male,Russia,25-34,Family,13-07-2023
726,Male,United States,25-34,Couple,03-02-2024
727,Male,Canada,35-44,Solo,05-03-2024
728,Male,United Arab Emirates,35-44,Couple,22-06-2022
729,Male,Egypt,55+,Couple,16-11-2022
730,Female,United States,25-34,Couple,28-07-2023
731,Female,Netherlands,35-44,Solo,14-04-2024
732,Female,France,35-44,Business,23-03-2021
733,Female,Japan,35-44,Family,05-07-2021
734,Male,Japan,35-44,Couple,20-11-2021
735,Female,South Korea,45-54,Couple,31-05-2022
736,Female,United Kingdom,45-54,Solo,10-02-2024
737,Male,Canada,35-44,Business,14-03-2024
738,Male,Spain,55+,Couple,11-12-2022
739,Male,France,55+,Family,23-01-2025
740,Male,China,35-44,Family,20-08-2024
741,Male,United States,45-54,Couple,04-09-2020
742,Female,Egypt,25-34,Family,19-07-2024
743,Male,Italy,25-34,Couple,25-02-2024
744,Female,Russia,25-34,Couple,19-04-2023
745,Female,Egypt,25-34,Couple,09-05-2021
746,Other,India,25-34,Couple,06-09-2024
747,Female,United States,45-54,Family,04-02-2023
748,Male,China,35-44,Business,28-12-2021
749,Female,China,18-24,Business,01-11-2023
750,Other,Brazil,25-34,Family,06-04-2023
751,Male,Singapore,35-44,Solo,08-04-2025
752,Male,United States,55+,Couple,08-12-2021
753,Male,Argentina,35-44,Solo,11-10-2023
754,Other,United States,18-24,Couple,15-04-2025
755,Male,United States,25-34,Business,18-01-2025
756,Female,France,35-44,Couple,02-03-2021
757,Female,Canada,25-34,Business,08-09-2022
758,Female,United Arab Emirates,35-44,Couple,26-12-2024
759,Female,United States,35-44,Solo,11-01-2023
760,Male,Spain,25-34,Solo,28-10-2020
761,Female,Argentina,18-24,Solo,28-01-2024
762,Male,Italy,45-54,Solo,12-08-2021
763,Male,Spain,25-34,Solo,06-01-2024
764,Male,Mexico,35-44,Solo,02-04-2025
765,Female,United States,45-54,Couple,11-01-2021
766,Other,United States,25-34,Couple,25-10-2022
767,Male,United Arab Emirates,45-54,Couple,20-01-2022
768,Male,United Kingdom,45-54,Couple,23-05-2024
769,Female,South Korea,45-54,Business,03-01-2023
770,Female,Netherlands,25-34,Family,18-10-2020
771,Other,Japan,35-44,Business,24-06-2024
772,Male,Russia,35-44,Couple,01-03-2022
773,Male,South Africa,35-44,Solo,16-04-2025
774,Male,Spain,35-44,Solo,18-01-2025
775,Female,United States,25-34,Solo,26-10-2021
776,Male,Argentina,25-34,Couple,09-01-2024
777,Male,Argentina,55+,Business,16-10-2020
778,Male,United Kingdom,18-24,Couple,01-08-2024
779,Other,New Zealand,25-34,Family,04-11-2024
780,Male,United States,25-34,Business,29-03-2025
781,Male,Brazil,45-54,Solo,27-02-2023
782,Male,United States,35-44,Couple,02-09-2021
783,Female,United Kingdom,35-44,Couple,03-04-2024
784,Female,United States,18-24,Family,18-01-2025
785,Other,United States,25-34,Family,14-06-2022
786,Female,Germany,45-54,Solo,08-02-2024
787,Female,France,25-34,Family,02-10-2023
788,Female,United States,45-54,Business,20-04-2023
789,Male,France,25-34,Family,14-01-2024
790,Female,United States,25-34,Couple,02-11-2021
791,Other,Canada,25-34,Business,29-05-2023
792,Male,United Kingdom,45-54,Family,15-01-2025
793,Male,Germany,45-54,Solo,31-08-2023
794,Male,India,18-24,Couple,10-12-2023
795,Male,Japan,35-44,Couple,22-04-2025
796,Male,Japan,55+,Couple,01-07-2022
797,Male,China,35-44,Couple,04-09-2020
798,Other,Brazil,18-24,Couple,05-07-2024
799,Male,China,18-24,Solo,20-08-2024
800,Male,United States,25-34,Solo,19-09-2024
801,Other,United Arab Emirates,45-54,Couple,30-08-2021
802,Female,Brazil,25-34,Family,24-09-2020
803,Female,Brazil,35-44,Solo,02-06-2024
804,Female,Netherlands,55+,Family,27-08-2022
805,Male,Canada,35-44,Family,23-08-2022
806,Female,Canada,35-44,Solo,08-07-2025
807,Male,Russia,35-44,Business,08-09-2024
808,Female,Australia,25-34,Couple,10-05-2024
809,Male,India,18-24,Family,11-10-2024
810,Male,Germany,25-34,Business,30-06-2025
811,Male,United Kingdom,18-24,Business,06-11-2022
812,Other,Japan,25-34,Solo,20-05-2022
813,Male,Australia,55+,Couple,03-02-2022
814,Female,United States,35-44,Couple,26-09-2024
815,Male,China,45-54,Family,23-06-2023
816,Female,Australia,18-24,Business,13-08-2022
817,Female,Germany,55+,Family,02-06-2025
818,Male,Japan,45-54,Couple,02-02-2024
819,Male,Spain,45-54,Couple,06-09-2020
820,Female,France,55+,Couple,14-01-2025
821,Female,China,45-54,Family,05-07-2022
822,Male,United States,25-34,Family,21-07-2022
823,Male,India,35-44,Couple,25-10-2021
824,Other,Japan,25-34,Family,05-06-2021
825,Male,Brazil,35-44,Solo,17-02-2024
826,Female,Turkey,55+,Couple,31-12-2020
827,Male,France,35-44,Solo,27-07-2022
828,Male,Turkey,25-34,Couple,11-04-2024
829,Other,New Zealand,25-34,Family,08-07-2025
830,Male,China,25-34,Business,05-12-2021
831,Female,United Kingdom,25-34,Couple,26-01-2024
832,Male,Germany,25-34,Couple,04-12-2022
833,Female,Germany,18-24,Business,10-03-2023
834,Female,China,25-34,Solo,01-04-2022
835,Female,United States,25-34,Family,12-02-2022
836,Male,United States,45-54,Business,27-01-2023
837,Male,Australia,35-44,Couple,19-08-2022
838,Female,Nigeria,35-44,Solo,15-01-2025
839,Female,Russia,45-54,Couple,20-03-2024
840,Female,France,18-24,Solo,25-11-2020
841,Other,Canada,25-34,Business,04-11-2023
842,Female,France,25-34,Couple,06-10-2021
843,Male,United States,25-34,Couple,08-08-2021
844,Male,China,25-34,Family,20-10-2023
845,Female,Germany,45-54,Business,21-02-2023
846,Female,France,45-54,Business,01-04-2025
847,Female,Turkey,18-24,Couple,16-10-2023
848,Female,United States,25-34,Couple,14-12-2022
849,Female,United States,25-34,Couple,07-04-2024
850,Female,France,35-44,Solo,05-11-2022
851,Male,United Kingdom,35-44,Business,11-01-2024
852,Male,United States,35-44,Family,27-05-2023
853,Male,Turkey,45-54,Family,09-04-2022
854,Female,South Africa,45-54,Couple,18-06-2024
855,Female,United Kingdom,25-34,Solo,08-04-2021
856,Female,Russia,45-54,Family,01-03-2023
857,Male,United States,25-34,Business,04-02-2024
858,Female,Spain,25-34,Solo,04-07-2022
859,Male,South Korea,35-44,Business,16-04-2023
860,Male,United Kingdom,25-34,Business,09-03-2023
861,Male,Brazil,25-34,Couple,21-12-2021
862,Male,Thailand,55+,Couple,18-11-2022
863,Male,China,35-44,Couple,24-06-2023
864,Female,Canada,25-34,Couple,29-03-2022
865,Male,Thailand,45-54,Solo,30-04-2025
866,Other,Thailand,18-24,Family,13-08-2023
867,Male,Canada,25-34,Solo,29-03-2022
868,Male,South Africa,55+,Family,15-05-2021
869,Male,Germany,25-34,Couple,21-01-2023
870,Male,France,18-24,Couple,10-09-2023
871,Male,New Zealand,25-34,Couple,07-07-2022
872,Male,Japan,25-34,Couple,15-11-2022
873,Female,Turkey,45-54,Family,15-06-2022
874,Other,United Arab Emirates,25-34,Business,18-09-2024
875,Male,France,18-24,Business,20-07-2022
876,Male,Nigeria,18-24,Family,20-02-2021
877,Male,United States,35-44,Family,22-01-2024
878,Other,Canada,18-24,Couple,29-11-2022
879,Female,Russia,35-44,Solo,11-05-2021
880,Male,Canada,45-54,Couple,14-10-2024
881,Female,United Kingdom,18-24,Family,17-01-2023
882,Male,New Zealand,45-54,Solo,25-12-2024
883,Female,Canada,35-44,Couple,17-10-2023
884,Female,Brazil,18-24,Family,19-03-2025
885,Female,United States,25-34,Business,15-01-2024
886,Other,United States,18-24,Couple,03-07-2024
887,Female,United Kingdom,45-54,Business,20-02-2022
888,Other,Italy,25-34,Family,01-03-2024
889,Female,Italy,55+,Family,06-09-2022
890,Male,France,25-34,Couple,13-09-2023
891,Male,Italy,45-54,Solo,14-01-2023
892,Female,Germany,55+,Business,29-10-2024
893,Other,Australia,18-24,Couple,08-07-2021
894,Male,Canada,35-44,Couple,08-06-2022
895,Female,United States,25-34,Business,15-08-2021
896,Female,Germany,45-54,Business,11-10-2021
897,Male,Canada,45-54,Business,01-05-2025
898,Female,Germany,35-44,Couple,29-08-2020
899,Male,China,25-34,Business,24-03-2021
900,Male,Japan,35-44,Family,05-08-2021
901,Female,United Kingdom,25-34,Couple,12-12-2024
902,Male,China,25-34,Family,09-09-2022
903,Male,United Kingdom,35-44,Couple,15-05-2025
904,Male,United States,45-54,Couple,08-05-2024
905,Male,Nigeria,25-34,Business,14-07-2024
906,Other,Brazil,35-44,Business,25-07-2022
907,Female,Mexico,45-54,Couple,04-03-2024
908,Male,United Arab Emirates,18-24,Business,17-11-2023
909,Male,France,45-54,Couple,29-10-2023
910,Female,Japan,35-44,Solo,06-10-2023
911,Male,United Kingdom,25-34,Solo,22-01-2021
912,Female,Argentina,45-54,Business,25-09-2023
913,Male,Turkey,45-54,Couple,12-05-2022
914,Male,New Zealand,25-34,Family,01-05-2021
915,Female,United Arab Emirates,25-34,Family,14-10-2022
916,Male,United Kingdom,55+,Couple,31-01-2022
917,Other,Germany,35-44,Family,01-12-2024
918,Male,Italy,35-44,Couple,22-09-2022
919,Female,South Korea,35-44,Couple,27-11-2024
920,Female,Spain,25-34,Family,28-04-2024
921,Female,France,25-34,Couple,09-12-2023
922,Female,Canada,25-34,Couple,05-11-2020
923,Male,South Korea,25-34,Couple,03-11-2023
924,Female,South Africa,25-34,Couple,26-09-2023
925,Female,Australia,35-44,Couple,06-02-2022
926,Male,Nigeria,25-34,Couple,23-09-2021
927,Male,Brazil,35-44,Solo,27-10-2023
928,Male,Germany,25-34,Family,25-10-2023
929,Female,China,45-54,Business,26-01-2024
930,Female,Nigeria,35-44,Family,25-11-2023
931,Male,Netherlands,25-34,Solo,05-06-2024
932,Female,India,18-24,Couple,25-01-2021
933,Male,United States,18-24,Solo,08-12-2023
934,Female,China,25-34,Business,03-09-2021
935,Male,Japan,35-44,Couple,16-01-2024
936,Male,Egypt,25-34,Couple,29-05-2021
937,Female,Singapore,25-34,Business,14-09-2024
938,Male,United States,25-34,Couple,23-12-2023
939,Female,United Arab Emirates,35-44,Couple,30-08-2024
940,Female,United Kingdom,25-34,Business,19-06-2024
941,Female,United Arab Emirates,35-44,Family,12-12-2024
942,Female,India,35-44,Couple,21-05-2023
943,Male,United Kingdom,35-44,Family,07-10-2020
944,Female,Spain,45-54,Family,18-02-2021
945,Male,United States,25-34,Couple,15-05-2023
946,Male,United States,45-54,Couple,23-02-2024
947,Female,Spain,18-24,Family,17-04-2022
948,Female,Spain,25-34,Solo,15-05-2024
949,Male,United States,18-24,Family,21-10-2023
950,Male,Singapore,45-54,Solo,30-11-2020
951,Male,United States,55+,Business,21-02-2021
952,Male,Canada,55+,Solo,30-06-2022
953,Male,France,35-44,Family,20-07-2025
954,Male,Brazil,25-34,Couple,26-12-2024
955,Female,United States,35-44,Couple,27-03-2022
956,Male,Germany,25-34,Couple,06-05-2023
957,Female,Singapore,45-54,Couple,18-05-2024
958,Female,South Korea,18-24,Couple,08-01-2022
959,Male,Australia,25-34,Business,03-11-2024
960,Male,Russia,55+,Business,14-08-2022
961,Female,Germany,55+,Family,02-12-2023
962,Female,United States,45-54,Family,14-09-2023
963,Female,United Kingdom,55+,Solo,23-03-2023
964,Male,United States,35-44,Family,25-12-2021
965,Female,France,35-44,Couple,02-07-2024
966,Female,United Kingdom,25-34,Family,25-01-2022
967,Female,South Korea,25-34,Couple,08-07-2021
968,Female,Germany,35-44,Solo,18-10-2023
969,Male,United States,25-34,Solo,25-11-2022
970,Male,Canada,35-44,Business,16-04-2024
971,Female,United States,18-24,Business,25-06-2025
972,Female,Germany,35-44,Couple,07-11-2022
973,Male,United Kingdom,45-54,Business,12-10-2024
974,Female,United States,35-44,Family,15-12-2023
975,Other,United States,25-34,Couple,30-03-2024
976,Female,United Kingdom,35-44,Solo,08-06-2025
977,Female,United Kingdom,18-24,Couple,09-06-2022
978,Male,China,25-34,Solo,24-01-2021
979,Male,Japan,35-44,Family,06-12-2020
980,Male,United States,55+,Family,30-07-2025
981,Female,Canada,25-34,Couple,10-10-2023
982,Other,Egypt,25-34,Business,19-05-2023
983,Female,Netherlands,45-54,Business,06-04-2023
984,Female,Russia,25-34,Family,09-04-2023
985,Female,United Arab Emirates,35-44,Couple,15-11-2020
986,Female,United States,35-44,Couple,05-06-2022
987,Other,Germany,25-34,Solo,07-08-2024
988,Other,Brazil,35-44,Business,27-12-2020
989,Female,France,18-24,Solo,02-06-2021
990,Female,Germany,45-54,Solo,06-05-2022
991,Male,France,25-34,Business,13-09-2022
992,Male,United States,18-24,Family,10-10-2023
993,Male,United States,25-34,Couple,17-05-2024
994,Male,United States,25-34,Family,20-01-2025
995,Male,Brazil,55+,Family,15-01-2025
996,Other,United Kingdom,18-24,Solo,12-12-2021
997,Female,Japan,35-44,Solo,14-04-2021
998,Other,United Kingdom,55+,Business,11-09-2020
999,Female,United Kingdom,55+,Couple,11-04-2022
1000,Male,United Kingdom,25-34,Couple,12-09-2024
1001,Male,France,35-44,Solo,02-11-2024
1002,Female,Australia,25-34,Couple,15-04-2023
1003,Female,Germany,25-34,Couple,28-01-2021
1004,Male,South Korea,18-24,Business,26-11-2023
1005,Male,South Korea,25-34,Family,23-05-2025
1006,Female,New Zealand,55+,Family,03-05-2024
1007,Female,France,18-24,Business,25-12-2021
1008,Male,South Africa,25-34,Business,16-05-2023
1009,Male,Canada,35-44,Solo,20-06-2024
1010,Other,Spain,18-24,Couple,21-11-2023
1011,Male,United Kingdom,25-34,Solo,25-01-2024
1012,Other,United States,55+,Business,10-08-2020
1013,Other,France,35-44,Couple,25-06-2022
1014,Male,Brazil,35-44,Couple,04-05-2022
1015,Male,New Zealand,25-34,Couple,16-08-2021
1016,Female,United Kingdom,35-44,Couple,06-04-2023
1017,Female,United Arab Emirates,45-54,Family,10-07-2025
1018,Female,China,35-44,Family,31-12-2024
1019,Male,Turkey,25-34,Business,14-02-2025
1020,Female,Netherlands,25-34,Solo,29-06-2025
1021,Male,United Arab Emirates,45-54,Couple,09-09-2020
1022,Male,United States,35-44,Family,29-08-2023
1023,Female,Spain,45-54,Business,08-11-2022
1024,Female,China,25-34,Business,17-12-2020
1025,Male,United States,25-34,Solo,21-08-2024
1026,Female,Netherlands,35-44,Couple,08-08-2023
1027,Male,Australia,35-44,Couple,12-11-2024
1028,Female,Italy,55+,Solo,19-12-2021
1029,Other,India,25-34,Solo,06-11-2021
1030,Male,United Kingdom,35-44,Couple,02-11-2021
1031,Female,Japan,35-44,Couple,09-11-2022
1032,Other,France,25-34,Family,13-06-2025
1033,Female,Brazil,25-34,Couple,08-02-2023
1034,Other,China,45-54,Solo,27-01-2021
1035,Female,United States,35-44,Family,20-02-2024
1036,Female,Russia,45-54,Family,06-05-2024
1037,Female,Canada,35-44,Couple,17-04-2024
1038,Male,United States,55+,Solo,23-10-2022
1039,Male,United States,45-54,Family,28-11-2020
1040,Male,South Africa,45-54,Couple,17-10-2023
1041,Female,China,18-24,Family,19-05-2025
1042,Male,Argentina,18-24,Solo,22-03-2023
1043,Female,Brazil,35-44,Couple,03-03-2024
1044,Other,United States,45-54,Couple,06-08-2021
1045,Male,Japan,35-44,Business,13-07-2024
1046,Other,United States,18-24,Solo,07-08-2021
1047,Female,Brazil,25-34,Couple,29-08-2023
1048,Male,India,25-34,Business,04-01-2021
1049,Male,United Kingdom,25-34,Solo,22-01-2025
1050,Female,United States,45-54,Family,29-03-2021
1051,Female,United Kingdom,35-44,Solo,07-01-2023
1052,Male,United Kingdom,35-44,Solo,24-01-2025
1053,Male,Canada,35-44,Business,02-12-2020
1054,Female,Germany,18-24,Family,03-02-2021
1055,Female,Germany,45-54,Family,22-12-2022
1056,Male,Italy,25-34,Solo,19-04-2025
1057,Female,United States,55+,Couple,04-04-2025
1058,Female,South Korea,25-34,Family,27-10-2024
1059,Male,Thailand,35-44,Couple,19-06-2022
1060,Other,United Kingdom,45-54,Family,02-04-2024
1061,Female,Japan,35-44,Solo,06-02-2022
1062,Female,India,35-44,Solo,29-03-2021
1063,Other,United Kingdom,45-54,Solo,24-07-2025
1064,Female,Argentina,35-44,Family,14-09-2020
1065,Female,United States,25-34,Family,14-10-2023
1066,Female,United Kingdom,18-24,Couple,30-05-2022
1067,Male,Canada,25-34,Couple,19-08-2022
1068,Male,United Arab Emirates,35-44,Family,30-10-2020
1069,Female,Brazil,35-44,Couple,27-01-2024
1070,Female,Russia,25-34,Business,12-07-2023
1071,Female,France,55+,Couple,03-12-2022
1072,Female,Canada,35-44,Solo,09-10-2023
1073,Male,Canada,35-44,Business,28-11-2024
1074,Male,Japan,18-24,Family,12-12-2021
1075,Male,Germany,35-44,Solo,21-03-2021
1076,Female,Mexico,55+,Couple,01-06-2021
1077,Male,United States,35-44,Couple,21-07-2021
1078,Male,United Arab Emirates,35-44,Couple,02-08-2021
1079,Male,Brazil,45-54,Couple,20-07-2022
1080,Male,Italy,25-34,Business,09-02-2025
1081,Female,Germany,45-54,Solo,06-09-2020
1082,Male,France,55+,Business,08-07-2025
1083,Male,United States,35-44,Couple,30-04-2021
1084,Female,Canada,45-54,Solo,11-08-2024
1085,Female,France,35-44,Couple,05-06-2025
1086,Female,United States,25-34,Couple,17-01-2023
1087,Female,United States,55+,Business,31-08-2024
1088,Other,Australia,35-44,Business,11-05-2024
1089,Other,Russia,25-34,Solo,24-03-2023
1090,Other,Spain,35-44,Business,04-07-2024
1091,Female,India,25-34,Business,07-05-2024
1092,Female,Mexico,25-34,Business,25-02-2021
1093,Male,Spain,35-44,Couple,17-02-2025
1094,Other,United States,25-34,Couple,17-12-2024
1095,Female,Argentina,25-34,Solo,14-10-2023
1096,Female,Spain,45-54,Family,11-12-2020
1097,Female,Japan,25-34,Couple,27-08-2023
1098,Female,Canada,35-44,Family,26-01-2024
1099,Male,Germany,45-54,Solo,05-10-2021
1100,Male,Germany,45-54,Couple,09-06-2021
1101,Female,Argentina,25-34,Couple,04-06-2025
1102,Male,China,25-34,Family,28-03-2021
1103,Male,United States,25-34,Solo,05-08-2025
1104,Female,United States,35-44,Couple,15-02-2025
1105,Female,Germany,25-34,Family,23-11-2024
1106,Female,Spain,25-34,Couple,07-04-2023
1107,Female,France,35-44,Family,01-03-2023
1108,Female,Argentina,25-34,Family,21-03-2024
1109,Female,South Africa,18-24,Couple,06-11-2022
1110,Female,Thailand,25-34,Couple,15-08-2020
1111,Male,United Kingdom,25-34,Couple,24-12-2024
1112,Male,Japan,18-24,Business,19-12-2022
1113,Male,United Kingdom,35-44,Family,09-08-2022
1114,Male,Germany,25-34,Family,26-08-2021
1115,Male,Thailand,35-44,Family,25-01-2025
1116,Male,France,35-44,Couple,30-06-2021
1117,Female,Japan,45-54,Couple,12-01-2024
1118,Female,United States,25-34,Couple,18-06-2023
1119,Male,Nigeria,35-44,Family,12-03-2024
1120,Male,Argentina,35-44,Couple,30-12-2024
1121,Female,New Zealand,55+,Solo,23-08-2020
1122,Female,United Kingdom,35-44,Solo,23-08-2024
1123,Female,Brazil,45-54,Family,03-07-2023
1124,Male,Germany,25-34,Couple,07-02-2025
1125,Female,South Korea,35-44,Solo,14-08-2024
1126,Female,France,35-44,Family,07-10-2023
1127,Female,France,25-34,Business,07-03-2021
1128,Male,Germany,18-24,Couple,21-02-2023
1129,Female,Spain,18-24,Family,26-10-2021
1130,Male,Egypt,18-24,Solo,10-10-2023
1131,Male,Spain,18-24,Solo,22-12-2023
1132,Other,United Kingdom,25-34,Couple,25-03-2023
1133,Female,Netherlands,35-44,Couple,11-10-2021
1134,Female,Italy,18-24,Couple,28-02-2022
1135,Male,Canada,45-54,Couple,04-12-2020
1136,Female,Brazil,35-44,Couple,20-04-2023
1137,Male,Nigeria,25-34,Business,04-06-2025
1138,Female,Canada,25-34,Solo,04-05-2022
1139,Male,China,45-54,Family,19-04-2023
1140,Male,Canada,25-34,Family,26-07-2022
1141,Male,Canada,35-44,Couple,29-09-2024
1142,Male,Germany,35-44,Family,06-09-2021
1143,Male,Australia,18-24,Family,12-12-2024
1144,Female,United States,25-34,Family,29-10-2024
1145,Female,United States,45-54,Solo,15-10-2023
1146,Other,United Kingdom,35-44,Business,06-10-2021
1147,Male,New Zealand,18-24,Solo,05-09-2020
1148,Female,Spain,18-24,Family,26-09-2022
1149,Other,Canada,35-44,Business,28-10-2022
1150,Female,Germany,25-34,Couple,16-01-2024
1151,Male,United Kingdom,45-54,Solo,03-06-2022
1152,Female,France,45-54,Business,20-12-2023
1153,Other,Spain,25-34,Couple,18-05-2023
1154,Male,France,25-34,Solo,19-06-2022
1155,Male,United States,35-44,Solo,21-09-2023
1156,Female,Germany,25-34,Solo,24-08-2022
1157,Male,Germany,45-54,Family,12-06-2025
1158,Male,Thailand,25-34,Couple,22-03-2023
1159,Female,Japan,35-44,Family,27-11-2022
1160,Female,Japan,35-44,Couple,01-07-2024
1161,Female,United States,25-34,Couple,07-06-2024
1162,Female,United States,25-34,Couple,23-08-2021
1163,Male,South Korea,45-54,Couple,09-12-2020
1164,Female,Germany,55+,Couple,20-03-2024
1165,Female,Germany,35-44,Family,13-08-2023
1166,Male,United States,18-24,Family,07-12-2022
1167,Female,Brazil,35-44,Business,07-12-2022
1168,Female,Brazil,45-54,Business,12-11-2021
1169,Female,Japan,55+,Business,06-02-2025
1170,Male,Nigeria,25-34,Couple,11-04-2022
1171,Male,Germany,35-44,Couple,18-07-2025
1172,Other,Australia,25-34,Couple,07-07-2022
1173,Female,United Kingdom,55+,Business,10-07-2023
1174,Male,United States,55+,Couple,17-01-2025
1175,Female,United Arab Emirates,18-24,Solo,09-10-2023
1176,Male,Japan,35-44,Family,07-06-2024
1177,Female,Brazil,25-34,Solo,02-05-2024
1178,Female,France,35-44,Couple,10-07-2021
1179,Female,India,55+,Family,11-12-2023
1180,Male,France,35-44,Family,13-04-2024
1181,Male,United States,35-44,Couple,07-12-2021
1182,Male,Australia,25-34,Solo,28-03-2024
1183,Male,South Africa,25-34,Couple,27-07-2021
1184,Female,United Kingdom,55+,Solo,24-05-2023
1185,Female,France,45-54,Couple,10-02-2024
1186,Male,India,35-44,Family,07-02-2023
1187,Male,Mexico,18-24,Business,21-07-2025
1188,Other,Brazil,35-44,Couple,17-05-2024
1189,Male,India,35-44,Solo,26-01-2025
1190,Male,Turkey,55+,Business,11-06-2024
1191,Female,Canada,55+,Couple,01-12-2020
1192,Female,Mexico,18-24,Business,12-11-2021
1193,Female,Australia,55+,Family,24-09-2020
1194,Male,Netherlands,55+,Couple,01-04-2023
1195,Male,Canada,18-24,Solo,16-03-2024
1196,Female,France,35-44,Couple,07-01-2024
1197,Male,Spain,25-34,Family,21-01-2021
1198,Female,United States,25-34,Solo,09-12-2024
1199,Male,India,25-34,Family,26-11-2021
1200,Male,France,35-44,Family,10-04-2024
1201,Male,Russia,45-54,Solo,24-11-2021
1202,Male,South Korea,55+,Couple,02-07-2024
1203,Male,Canada,35-44,Business,25-06-2025
1204,Female,France,18-24,Couple,28-06-2023
1205,Male,Canada,25-34,Family,22-08-2020
1206,Female,Canada,35-44,Family,25-07-2023
1207,Female,France,55+,Business,22-03-2023
1208,Male,New Zealand,35-44,Solo,17-09-2022
1209,Female,South Africa,55+,Business,23-04-2021
1210,Male,Mexico,55+,Family,14-09-2020
1211,Other,Turkey,25-34,Family,25-02-2025
1212,Male,United Kingdom,25-34,Couple,25-02-2022
1213,Male,China,25-34,Solo,10-05-2021
1214,Male,United States,35-44,Couple,06-09-2021
1215,Male,United States,35-44,Business,21-08-2023
1216,Female,United Kingdom,25-34,Family,18-02-2024
1217,Female,United States,45-54,Business,06-04-2022
1218,Female,United Kingdom,45-54,Couple,10-08-2024
1219,Male,Spain,55+,Solo,31-03-2024
1220,Other,Egypt,25-34,Family,12-08-2020
1221,Male,New Zealand,25-34,Couple,21-06-2024
1222,Male,India,25-34,Family,06-11-2021
1223,Male,China,35-44,Business,01-06-2024
1224,Male,United States,35-44,Family,21-04-2021
1225,Male,United States,35-44,Couple,11-05-2022
1226,Female,United States,25-34,Solo,23-06-2023
1227,Female,Australia,25-34,Family,02-01-2025
1228,Male,United States,25-34,Solo,22-08-2024
1229,Male,Russia,25-34,Couple,07-11-2021
1230,Female,Germany,25-34,Couple,25-08-2023
1231,Female,Germany,35-44,Couple,18-01-2024
1232,Female,Spain,35-44,Family,19-04-2025
1233,Male,Russia,55+,Business,26-07-2024
1234,Male,Brazil,45-54,Family,02-11-2021
1235,Female,Japan,35-44,Couple,01-11-2023
1236,Other,United States,45-54,Couple,05-06-2025
1237,Female,China,35-44,Family,02-05-2021
1238,Male,India,25-34,Family,20-09-2021
1239,Male,Italy,18-24,Solo,19-04-2025
1240,Female,Japan,55+,Couple,21-01-2022
1241,Female,Brazil,25-34,Family,26-06-2022
1242,Female,Germany,35-44,Family,03-02-2021
1243,Male,Russia,25-34,Couple,29-01-2021
1244,Female,South Africa,35-44,Business,24-12-2021
1245,Female,United States,25-34,Couple,02-12-2023
1246,Male,United Kingdom,25-34,Business,23-11-2024
1247,Male,Italy,25-34,Couple,28-11-2020
1248,Male,France,25-34,Business,25-04-2022
1249,Male,Germany,35-44,Solo,29-06-2025
1250,Female,France,25-34,Couple,16-12-2022
1251,Male,United Kingdom,25-34,Solo,12-04-2025
1252,Other,Brazil,25-34,Family,06-06-2024
1253,Male,United States,25-34,Solo,05-03-2024
1254,Female,Canada,18-24,Family,05-09-2021
1255,Male,Brazil,35-44,Family,30-09-2024
1256,Male,United States,25-34,Solo,24-05-2024
1257,Other,Germany,55+,Couple,22-02-2021
1258,Male,Japan,45-54,Couple,29-06-2021
1259,Other,Thailand,25-34,Couple,05-06-2022
1260,Female,China,45-54,Couple,27-08-2023
1261,Female,South Korea,35-44,Business,23-02-2023
1262,Female,Japan,35-44,Solo,07-08-2021
1263,Female,Italy,35-44,Business,24-12-2022
1264,Female,South Korea,35-44,Couple,10-05-2025
1265,Female,United Kingdom,35-44,Couple,06-12-2022
1266,Female,United States,25-34,Business,22-02-2023
1267,Male,Italy,35-44,Solo,03-10-2022
1268,Female,Brazil,35-44,Couple,16-03-2022
1269,Male,United Kingdom,45-54,Solo,28-11-2023
1270,Female,United Kingdom,45-54,Solo,01-05-2021
1271,Female,South Korea,45-54,Couple,25-05-2024
1272,Male,United Kingdom,45-54,Family,22-04-2022
1273,Male,Australia,25-34,Couple,13-02-2021
1274,Female,Australia,18-24,Couple,11-05-2023
1275,Female,Mexico,45-54,Business,11-04-2025
1276,Female,France,45-54,Business,17-11-2022
1277,Male,South Africa,25-34,Family,20-05-2025
1278,Male,Turkey,25-34,Couple,12-09-2023
1279,Male,United Kingdom,25-34,Business,08-02-2021
1280,Female,Germany,35-44,Family,20-12-2021
1281,Male,South Korea,45-54,Family,02-01-2025
1282,Female,Australia,55+,Solo,16-01-2023
1283,Male,South Korea,25-34,Business,26-01-2024
1284,Male,Canada,55+,Couple,09-10-2021
1285,Female,France,35-44,Business,02-10-2020
1286,Male,Mexico,35-44,Family,02-08-2021
1287,Male,Spain,18-24,Solo,24-12-2022
1288,Female,China,35-44,Family,15-08-2024
1289,Male,China,25-34,Business,24-10-2022
1290,Other,United States,35-44,Family,27-09-2021
1291,Female,Italy,35-44,Solo,09-11-2020
1292,Other,United States,25-34,Business,13-12-2021
1293,Male,South Africa,25-34,Couple,04-03-2021
1294,Other,Canada,55+,Solo,13-10-2023
1295,Female,Argentina,25-34,Business,20-07-2025
1296,Female,Japan,25-34,Family,17-01-2023
1297,Male,United States,25-34,Solo,19-01-2024
1298,Female,Brazil,25-34,Couple,05-03-2025
1299,Male,Japan,25-34,Family,05-12-2023
1300,Female,Japan,45-54,Couple,11-10-2021
1301,Male,United Kingdom,25-34,Couple,16-08-2020
1302,Male,Russia,55+,Solo,15-09-2024
1303,Male,United Kingdom,35-44,Solo,02-10-2020
1304,Female,Canada,35-44,Solo,23-02-2025
1305,Male,Brazil,25-34,Couple,15-10-2021
1306,Female,Brazil,45-54,Family,22-12-2022
1307,Female,China,25-34,Couple,08-06-2023
1308,Male,United Kingdom,25-34,Solo,17-08-2023
1309,Female,Canada,25-34,Couple,23-07-2024
1310,Female,Italy,25-34,Solo,06-01-2025
1311,Other,United States,35-44,Solo,30-09-2023
1312,Male,Brazil,35-44,Couple,21-07-2021
1313,Female,China,25-34,Business,09-10-2022
1314,Female,China,35-44,Business,05-02-2024
1315,Male,Japan,18-24,Couple,21-09-2021
1316,Female,United Kingdom,35-44,Couple,01-01-2021
1317,Female,China,45-54,Family,08-12-2022
1318,Female,China,25-34,Couple,02-07-2024
1319,Male,New Zealand,25-34,Business,18-11-2020
1320,Other,South Korea,55+,Family,20-04-2022
1321,Female,Turkey,45-54,Solo,10-02-2024
1322,Female,United Kingdom,55+,Solo,14-11-2023
1323,Female,Italy,35-44,Solo,19-09-2024
1324,Other,South Africa,25-34,Business,01-02-2023
1325,Male,China,25-34,Business,13-03-2023
1326,Male,Italy,35-44,Solo,06-12-2022
1327,Male,South Africa,45-54,Business,14-02-2025
1328,Male,France,25-34,Couple,09-09-2022
1329,Female,China,35-44,Family,12-07-2023
1330,Other,China,18-24,Solo,21-05-2023
1331,Female,Argentina,25-34,Family,19-09-2022
1332,Female,Canada,35-44,Solo,19-07-2022
1333,Male,Mexico,55+,Business,04-04-2025
1334,Female,Brazil,35-44,Couple,15-01-2023
1335,Male,China,18-24,Business,15-02-2024
1336,Female,United States,18-24,Business,18-03-2022
1337,Female,United Kingdom,25-34,Couple,22-05-2023
1338,Male,New Zealand,25-34,Family,01-07-2025
1339,Male,United Arab Emirates,35-44,Couple,19-12-2020
1340,Male,Spain,55+,Couple,01-10-2021
1341,Female,Netherlands,55+,Solo,19-11-2020
1342,Male,New Zealand,25-34,Couple,11-01-2025
1343,Male,France,25-34,Couple,21-08-2023
1344,Male,Thailand,25-34,Family,08-12-2022
1345,Female,Mexico,18-24,Family,11-06-2024
1346,Other,United States,35-44,Couple,23-05-2024
1347,Male,Germany,25-34,Business,04-01-2023
1348,Female,Italy,25-34,Solo,13-05-2025
1349,Female,Brazil,35-44,Family,14-09-2020
1350,Male,United Kingdom,18-24,Business,26-02-2021
1351,Other,United States,55+,Family,12-10-2024
1352,Male,United States,45-54,Business,09-11-2023
1353,Female,France,25-34,Business,22-11-2023
1354,Female,United Kingdom,35-44,Business,06-03-2023
1355,Male,Japan,55+,Couple,21-10-2023
1356,Male,France,35-44,Solo,22-11-2021
1357,Male,Germany,35-44,Couple,27-10-2022
1358,Female,United Kingdom,55+,Couple,26-02-2022
1359,Female,Turkey,45-54,Family,10-10-2021
1360,Female,Mexico,35-44,Solo,08-03-2021
1361,Male,Netherlands,35-44,Couple,07-09-2021
1362,Male,Germany,35-44,Couple,04-03-2022
1363,Female,India,25-34,Business,17-01-2023
1364,Male,China,35-44,Business,06-10-2024
1365,Female,South Korea,35-44,Solo,10-05-2022
1366,Male,South Korea,35-44,Couple,20-02-2023
1367,Male,China,25-34,Couple,13-03-2023
1368,Female,Germany,25-34,Solo,08-04-2024
1369,Other,India,55+,Business,01-03-2025
1370,Male,Australia,35-44,Family,01-03-2021
1371,Male,Germany,35-44,Family,01-12-2020
1372,Female,Brazil,18-24,Business,06-05-2024
1373,Male,United States,55+,Business,24-09-2022
1374,Other,France,25-34,Couple,11-05-2022
1375,Male,Spain,35-44,Business,26-04-2023
1376,Male,United Kingdom,55+,Couple,22-01-2023
1377,Male,Thailand,45-54,Business,18-06-2023
1378,Male,Australia,18-24,Business,24-12-2023
1379,Female,France,25-34,Solo,29-09-2024
1380,Female,South Africa,25-34,Family,30-05-2024
1381,Male,United Kingdom,25-34,Family,24-02-2025
1382,Other,Spain,25-34,Couple,03-04-2022
1383,Female,South Africa,35-44,Business,10-12-2024
1384,Male,China,25-34,Solo,09-10-2020
1385,Female,United Kingdom,25-34,Business,20-10-2023
1386,Male,Canada,18-24,Couple,10-08-2023
1387,Male,China,25-34,Solo,22-03-2023
1388,Female,Singapore,35-44,Solo,18-06-2022
1389,Male,South Africa,25-34,Couple,11-05-2023
1390,Male,Spain,35-44,Business,03-03-2021
1391,Female,United Arab Emirates,55+,Solo,26-07-2022
1392,Other,New Zealand,35-44,Solo,01-02-2023
1393,Male,South Korea,45-54,Business,30-11-2022
1394,Male,Brazil,25-34,Couple,17-08-2022
1395,Other,France,55+,Solo,23-08-2021
1396,Male,South Korea,25-34,Solo,07-01-2023
1397,Male,United Kingdom,55+,Couple,25-12-2024
1398,Male,Argentina,18-24,Family,25-06-2022
1399,Female,Germany,25-34,Couple,24-02-2025
1400,Male,France,35-44,Family,06-12-2021
1401,Male,United Kingdom,25-34,Solo,11-05-2023
1402,Female,China,35-44,Business,06-10-2020
1403,Female,United Kingdom,35-44,Business,10-10-2023
1404,Male,Japan,25-34,Couple,21-11-2024
1405,Female,New Zealand,25-34,Family,29-12-2024
1406,Female,United States,35-44,Business,31-12-2022
1407,Other,Germany,55+,Couple,22-02-2022
1408,Male,France,45-54,Couple,13-03-2024
1409,Male,Mexico,25-34,Couple,08-05-2021
1410,Female,India,25-34,Family,18-09-2022
1411,Other,China,55+,Solo,16-08-2021
1412,Male,United Kingdom,35-44,Family,11-01-2021
1413,Female,Australia,35-44,Couple,21-11-2022
1414,Other,Germany,35-44,Business,08-04-2025
1415,Male,Nigeria,55+,Business,05-10-2020
1416,Male,Canada,35-44,Family,02-11-2023
1417,Male,United States,25-34,Family,22-03-2021
1418,Female,France,25-34,Family,19-05-2024
1419,Female,South Korea,35-44,Couple,27-12-2021
1420,Male,France,45-54,Couple,21-06-2024
1421,Male,Australia,25-34,Business,18-12-2021
1422,Female,United States,35-44,Couple,04-11-2020
1423,Female,United States,35-44,Family,25-04-2022
1424,Male,Mexico,55+,Couple,17-05-2025
1425,Male,United Kingdom,35-44,Business,30-06-2024
1426,Female,Netherlands,18-24,Solo,08-06-2021
1427,Female,Brazil,25-34,Family,12-10-2023
1428,Male,Canada,25-34,Business,10-02-2024
1429,Male,Japan,18-24,Family,07-06-2024
1430,Female,United Kingdom,45-54,Family,07-07-2022
1431,Male,United Arab Emirates,25-34,Business,16-10-2020
1432,Female,Netherlands,25-34,Couple,11-03-2022
1433,Female,Brazil,35-44,Solo,14-06-2024
1434,Female,Japan,55+,Couple,05-05-2023
1435,Male,South Africa,35-44,Solo,23-10-2023
1436,Male,Brazil,55+,Family,18-11-2024
1437,Male,Italy,35-44,Couple,29-06-2022
1438,Female,United States,35-44,Business,01-02-2024
1439,Other,New Zealand,35-44,Couple,19-04-2021
1440,Male,India,25-34,Couple,25-02-2024
1441,Male,India,25-34,Family,11-03-2023
1442,Male,United States,35-44,Business,31-03-2025
1443,Other,South Africa,45-54,Family,14-06-2024
1444,Male,United Kingdom,55+,Family,25-05-2021
1445,Male,United States,35-44,Business,29-09-2024
1446,Male,Japan,35-44,Family,25-12-2022
1447,Male,Egypt,35-44,Business,29-04-2025
1448,Male,Argentina,25-34,Family,15-10-2024
1449,Female,Brazil,55+,Family,19-05-2024
1450,Male,United States,25-34,Couple,23-12-2020
1451,Male,Germany,25-34,Business,16-03-2024
1452,Male,China,35-44,Couple,20-05-2023
1453,Male,Spain,35-44,Business,18-02-2025
1454,Female,Australia,45-54,Solo,23-12-2021
1455,Female,China,55+,Couple,30-10-2022
1456,Female,China,55+,Couple,21-12-2020
1457,Male,Canada,25-34,Couple,18-07-2025
1458,Female,Germany,35-44,Couple,13-06-2023
1459,Male,Germany,55+,Business,16-07-2023
1460,Male,United States,45-54,Couple,21-10-2024
1461,Male,Spain,25-34,Family,25-11-2023
1462,Male,Canada,18-24,Solo,24-07-2021
1463,Male,Brazil,25-34,Couple,27-10-2021
1464,Female,United Kingdom,25-34,Couple,12-06-2025
1465,Male,South Korea,25-34,Business,14-01-2022
1466,Male,Canada,18-24,Couple,16-07-2024
1467,Male,India,45-54,Family,14-10-2020
1468,Female,United Kingdom,25-34,Couple,08-05-2024
1469,Male,Singapore,45-54,Business,17-08-2022
1470,Female,South Korea,45-54,Couple,19-11-2021
1471,Female,Germany,55+,Couple,20-02-2023
1472,Female,United States,25-34,Couple,27-02-2024
1473,Female,Thailand,25-34,Couple,10-07-2025
1474,Male,Germany,25-34,Family,01-11-2023
1475,Male,United Kingdom,35-44,Solo,20-10-2023
1476,Male,Canada,45-54,Business,23-03-2021
1477,Other,France,25-34,Couple,20-09-2020
1478,Female,Japan,45-54,Solo,21-03-2021
1479,Female,Argentina,18-24,Couple,10-08-2022
1480,Female,Argentina,35-44,Solo,20-01-2022
1481,Male,Japan,25-34,Solo,28-02-2023
1482,Male,United Kingdom,45-54,Business,02-01-2024
1483,Male,United Kingdom,25-34,Solo,17-09-2021
1484,Male,Australia,45-54,Family,05-06-2023
1485,Male,Russia,25-34,Couple,20-03-2022
1486,Other,United Kingdom,45-54,Family,12-02-2021
1487,Male,United States,35-44,Couple,06-02-2025
1488,Female,Russia,35-44,Solo,26-03-2024
1489,Male,United Kingdom,45-54,Family,27-03-2025
1490,Female,United States,25-34,Couple,04-02-2024
1491,Female,Japan,25-34,Business,16-02-2023
1492,Female,United Arab Emirates,25-34,Business,21-07-2024
1493,Male,Spain,35-44,Couple,27-10-2023
1494,Other,China,45-54,Couple,04-02-2023
1495,Male,Brazil,25-34,Family,27-10-2020
1496,Female,United States,55+,Couple,27-04-2025
1497,Other,United Kingdom,25-34,Business,31-01-2025
1498,Male,China,35-44,Family,25-06-2022
1499,Male,United States,55+,Solo,11-10-2021
1500,Female,Turkey,25-34,Family,14-05-2021
1501,Other,New Zealand,35-44,Couple,27-02-2023
1502,Female,Australia,35-44,Family,23-08-2020
1503,Male,Italy,35-44,Couple,15-03-2022
1504,Male,Germany,25-34,Couple,12-07-2022
1505,Male,Spain,25-34,Solo,10-05-2025
1506,Other,Spain,55+,Couple,28-12-2023
1507,Male,France,25-34,Business,16-03-2025
1508,Male,Netherlands,25-34,Business,19-09-2023
1509,Male,United Kingdom,35-44,Business,04-07-2022
1510,Female,United States,35-44,Solo,22-01-2021
1511,Male,India,25-34,Couple,02-10-2022
1512,Male,Germany,25-34,Couple,03-10-2020
1513,Male,Brazil,25-34,Business,04-03-2024
1514,Other,Japan,45-54,Couple,17-06-2022
1515,Male,United Kingdom,25-34,Solo,07-02-2025
1516,Other,China,18-24,Family,29-12-2023
1517,Female,Turkey,25-34,Family,01-08-2023
1518,Female,South Korea,25-34,Family,09-10-2021
1519,Male,United Arab Emirates,35-44,Business,13-09-2021
1520,Female,United Arab Emirates,25-34,Couple,18-08-2023
1521,Female,United States,18-24,Solo,31-05-2025
1522,Male,China,18-24,Family,30-07-2021
1523,Female,Brazil,18-24,Solo,06-05-2023
1524,Male,Australia,25-34,Business,06-05-2024
1525,Female,Germany,35-44,Business,01-07-2024
1526,Female,Turkey,45-54,Solo,07-05-2023
1527,Female,Brazil,18-24,Solo,08-11-2024
1528,Female,United States,25-34,Couple,14-05-2025
1529,Male,United Kingdom,35-44,Solo,20-11-2021
1530,Female,France,45-54,Couple,04-09-2020
1531,Female,India,25-34,Solo,26-12-2022
1532,Male,Canada,25-34,Solo,30-09-2022
1533,Female,United Kingdom,35-44,Family,28-10-2023
1534,Male,United States,18-24,Couple,01-11-2022
1535,Female,United Kingdom,35-44,Family,05-06-2022
1536,Male,United Kingdom,25-34,Solo,28-10-2023
1537,Female,United States,45-54,Solo,10-10-2023
1538,Female,United States,35-44,Couple,03-04-2022
1539,Male,Brazil,25-34,Couple,07-07-2023
1540,Male,United Kingdom,45-54,Couple,20-01-2024
1541,Other,United Kingdom,35-44,Family,06-08-2024
1542,Other,United States,18-24,Couple,12-09-2020
1543,Male,United Kingdom,25-34,Family,21-09-2024
1544,Male,Japan,25-34,Solo,16-05-2023
1545,Male,Thailand,25-34,Couple,12-04-2023
1546,Female,Japan,55+,Business,27-11-2024
1547,Male,China,25-34,Business,23-11-2021
1548,Male,Italy,25-34,Solo,27-12-2021
1549,Female,Canada,45-54,Family,12-03-2024
1550,Female,Germany,35-44,Couple,16-03-2023
1551,Female,United Kingdom,35-44,Solo,12-03-2021
1552,Female,China,18-24,Solo,16-10-2020
1553,Other,Spain,45-54,Family,25-05-2024
1554,Male,Canada,18-24,Solo,16-06-2021
1555,Male,Australia,45-54,Couple,21-05-2024
1556,Other,South Africa,35-44,Business,24-06-2025
1557,Male,France,45-54,Business,16-07-2025
1558,Female,Japan,55+,Family,18-12-2021
1559,Female,Germany,55+,Business,27-06-2022
1560,Female,Mexico,25-34,Business,06-07-2023
1561,Male,United Kingdom,55+,Family,12-06-2024
1562,Female,United States,45-54,Family,15-03-2023
1563,Female,Brazil,25-34,Couple,24-06-2025
1564,Female,China,25-34,Solo,28-07-2024
1565,Male,Japan,45-54,Couple,06-01-2021
1566,Female,Russia,25-34,Couple,06-03-2021
1567,Female,Canada,25-34,Solo,30-11-2023
1568,Female,United Kingdom,25-34,Business,08-03-2024
1569,Male,Japan,35-44,Family,24-06-2025
1570,Male,Netherlands,18-24,Couple,14-07-2023
1571,Female,Russia,18-24,Business,28-09-2022
1572,Male,United Kingdom,25-34,Couple,14-03-2022
1573,Female,France,45-54,Family,29-03-2022
1574,Male,Italy,35-44,Family,08-04-2021
1575,Female,New Zealand,25-34,Solo,16-08-2022
1576,Other,Japan,25-34,Couple,28-01-2023
1577,Male,Germany,25-34,Couple,30-03-2025
1578,Female,United Kingdom,45-54,Solo,19-11-2023
1579,Male,China,35-44,Couple,18-02-2024
1580,Male,United Kingdom,25-34,Solo,26-10-2022
1581,Male,Australia,25-34,Business,09-01-2024
1582,Female,Germany,35-44,Business,07-08-2023
1583,Male,Russia,25-34,Solo,16-10-2022
1584,Female,Germany,45-54,Family,28-10-2021
1585,Female,New Zealand,45-54,Business,19-08-2020
1586,Male,United Kingdom,35-44,Couple,30-01-2024
1587,Male,Mexico,18-24,Couple,12-12-2021
1588,Female,Germany,55+,Solo,01-03-2025
1589,Male,Turkey,45-54,Couple,27-12-2022
1590,Male,United Kingdom,25-34,Family,18-06-2021
1591,Female,Australia,35-44,Family,29-03-2025
1592,Female,United States,25-34,Couple,16-11-2024
1593,Male,Brazil,35-44,Business,28-09-2023
1594,Male,United Arab Emirates,45-54,Solo,03-11-2023
1595,Male,Thailand,25-34,Couple,24-01-2024
1596,Male,United States,45-54,Business,23-08-2022
1597,Male,Canada,25-34,Family,08-03-2023
1598,Female,Italy,25-34,Couple,23-06-2024
1599,Female,China,45-54,Family,28-10-2023
1600,Female,New Zealand,25-34,Solo,21-03-2021
1601,Male,New Zealand,45-54,Couple,27-07-2023
1602,Male,Brazil,35-44,Solo,24-06-2025
1603,Male,Turkey,55+,Family,05-09-2024
1604,Other,United States,25-34,Family,26-04-2021
1605,Female,France,25-34,Solo,12-04-2021
1606,Male,United States,55+,Family,31-10-2022
1607,Other,Germany,35-44,Couple,02-10-2020
1608,Female,China,25-34,Couple,20-03-2024
1609,Female,Argentina,45-54,Solo,10-03-2024
1610,Male,Brazil,25-34,Couple,18-07-2022
1611,Female,China,25-34,Couple,27-01-2023
1612,Other,Brazil,55+,Family,29-07-2021
1613,Male,Brazil,25-34,Business,30-01-2023
1614,Other,Spain,45-54,Couple,15-03-2025
1615,Female,United States,45-54,Business,23-03-2022
1616,Male,France,25-34,Business,05-06-2023
1617,Male,Canada,25-34,Family,02-08-2022
1618,Male,Italy,35-44,Couple,26-11-2023
1619,Other,Nigeria,18-24,Business,30-03-2023
1620,Female,France,35-44,Solo,02-09-2024
1621,Female,Germany,25-34,Business,13-11-2024
1622,Other,Mexico,18-24,Family,04-06-2021
1623,Male,United Arab Emirates,35-44,Solo,27-10-2023
1624,Male,Mexico,35-44,Business,09-01-2023
1625,Male,United States,25-34,Family,03-05-2022
1626,Male,Turkey,35-44,Family,09-12-2021
1627,Female,Canada,45-54,Family,29-07-2023
1628,Male,United Kingdom,55+,Business,05-10-2022
1629,Female,Japan,25-34,Family,17-11-2020
1630,Female,United Kingdom,18-24,Business,05-11-2022
1631,Male,Mexico,35-44,Family,04-08-2025
1632,Male,Japan,55+,Family,17-02-2024
1633,Male,Russia,55+,Family,04-11-2021
1634,Male,Italy,25-34,Solo,23-12-2021
1635,Female,United States,25-34,Family,15-02-2025
1636,Male,Spain,35-44,Solo,13-06-2023
1637,Male,South Korea,35-44,Couple,15-06-2025
1638,Male,United States,25-34,Family,17-12-2020
1639,Female,United Kingdom,25-34,Family,14-03-2023
1640,Female,United Kingdom,25-34,Couple,28-03-2021
1641,Female,Canada,18-24,Couple,22-05-2023
1642,Male,France,35-44,Family,31-08-2023
1643,Female,United States,45-54,Couple,03-07-2024
1644,Male,China,45-54,Family,26-04-2022
1645,Female,China,55+,Family,22-09-2022
1646,Male,United States,25-34,Solo,18-06-2024
1647,Female,United States,18-24,Couple,20-08-2022
1648,Male,Brazil,25-34,Business,27-09-2023
1649,Male,Netherlands,25-34,Solo,12-10-2022
1650,Male,Russia,25-34,Couple,28-11-2022
1651,Female,Australia,35-44,Business,07-05-2022
1652,Female,United Kingdom,45-54,Solo,08-08-2024
1653,Female,South Korea,25-34,Couple,16-08-2020
1654,Male,United Kingdom,25-34,Solo,27-12-2020
1655,Female,India,25-34,Solo,17-08-2021
1656,Male,United States,18-24,Couple,28-11-2020
1657,Male,India,25-34,Couple,02-12-2023
1658,Male,Australia,45-54,Business,02-11-2022
1659,Female,United Kingdom,35-44,Solo,15-02-2024
1660,Male,Turkey,25-34,Solo,08-11-2020
1661,Male,Argentina,35-44,Couple,05-06-2024
1662,Other,Australia,25-34,Business,19-08-2021
1663,Male,Germany,35-44,Couple,08-07-2021
1664,Male,Japan,18-24,Solo,26-02-2021
1665,Female,United States,55+,Couple,07-01-2023
1666,Female,United States,45-54,Business,10-08-2023
1667,Female,Spain,35-44,Business,22-06-2025
1668,Female,New Zealand,55+,Couple,30-08-2021
1669,Male,Mexico,35-44,Couple,21-08-2022
1670,Male,India,35-44,Business,30-04-2025
1671,Female,Australia,35-44,Family,19-07-2021
1672,Male,South Korea,25-34,Solo,13-06-2025
1673,Female,South Korea,25-34,Solo,19-08-2023
1674,Female,Argentina,35-44,Solo,07-07-2021
1675,Female,Japan,55+,Couple,21-11-2023
1676,Male,Thailand,35-44,Family,04-10-2023
1677,Female,Argentina,45-54,Family,20-04-2021
1678,Female,France,45-54,Solo,14-06-2024
1679,Male,New Zealand,25-34,Solo,06-10-2021
1680,Other,China,35-44,Couple,26-09-2022
1681,Male,China,55+,Family,15-03-2024
1682,Male,Turkey,35-44,Couple,10-04-2023
1683,Female,United States,18-24,Couple,17-04-2023
1684,Male,United Arab Emirates,25-34,Couple,17-08-2022
1685,Other,Argentina,35-44,Business,28-08-2024
1686,Female,United Kingdom,35-44,Family,24-03-2021
1687,Male,United States,25-34,Couple,20-03-2024
1688,Male,France,18-24,Couple,21-04-2021
1689,Other,India,35-44,Couple,25-09-2023
1690,Male,United States,45-54,Business,03-07-2021
1691,Other,Germany,55+,Family,03-01-2023
1692,Female,China,45-54,Solo,28-09-2023
1693,Male,United Kingdom,35-44,Solo,02-04-2021
1694,Female,United States,35-44,Family,07-12-2023
1695,Male,Germany,25-34,Business,20-11-2022
1696,Female,United Kingdom,25-34,Couple,07-01-2022
1697,Female,Germany,18-24,Family,26-07-2021
1698,Male,United Arab Emirates,35-44,Family,24-07-2023
1699,Female,Turkey,35-44,Solo,06-08-2021
1700,Male,Mexico,35-44,Couple,06-08-2024
1701,Other,France,45-54,Couple,31-12-2024
1702,Male,South Korea,55+,Business,03-09-2021
1703,Female,United Kingdom,35-44,Family,06-07-2021
1704,Male,Canada,55+,Family,01-02-2023
1705,Other,United Kingdom,35-44,Couple,08-01-2025
1706,Male,Italy,35-44,Solo,02-09-2024
1707,Female,Japan,25-34,Couple,20-10-2024
1708,Female,Australia,25-34,Couple,28-05-2025
1709,Female,United Kingdom,35-44,Business,26-12-2022
1710,Male,United States,25-34,Business,09-11-2023
1711,Male,Germany,18-24,Family,11-06-2024
1712,Female,China,25-34,Family,30-08-2022
1713,Female,Japan,18-24,Couple,29-04-2025
1714,Female,United Kingdom,35-44,Family,12-04-2024
1715,Female,United Kingdom,25-34,Family,29-06-2023
1716,Female,China,45-54,Solo,13-10-2022
1717,Female,Russia,25-34,Business,03-09-2022
1718,Male,Japan,25-34,Family,06-06-2024
1719,Female,United Arab Emirates,25-34,Business,25-01-2024
1720,Male,United Arab Emirates,35-44,Business,24-01-2022
1721,Male,Canada,45-54,Solo,28-04-2025
1722,Male,United States,35-44,Family,27-03-2022
1723,Male,Australia,45-54,Family,28-02-2023
1724,Female,Russia,35-44,Couple,11-09-2020
1725,Male,United Kingdom,18-24,Couple,18-08-2024
1726,Female,Japan,35-44,Family,28-11-2023
1727,Female,United Kingdom,35-44,Couple,11-07-2022
1728,Male,Canada,18-24,Couple,11-01-2024
1729,Female,United States,45-54,Couple,13-08-2022
1730,Female,Egypt,35-44,Solo,29-10-2023
1731,Male,Canada,25-34,Couple,16-03-2021
1732,Female,South Korea,18-24,Solo,11-06-2021
1733,Male,New Zealand,35-44,Family,30-12-2022
1734,Male,China,45-54,Business,15-01-2023
1735,Male,Mexico,35-44,Couple,20-01-2025
1736,Male,United Kingdom,55+,Family,30-07-2023
1737,Female,Japan,35-44,Family,16-11-2024
1738,Other,Russia,25-34,Couple,30-08-2024
1739,Female,New Zealand,35-44,Couple,13-03-2023
1740,Female,United Kingdom,25-34,Couple,01-05-2021
1741,Male,Netherlands,45-54,Solo,28-05-2021
1742,Female,Canada,35-44,Business,31-01-2022
1743,Female,Mexico,25-34,Couple,31-03-2024
1744,Female,Canada,25-34,Family,04-11-2024
1745,Female,India,35-44,Family,17-06-2023
1746,Male,Thailand,25-34,Business,18-06-2021
1747,Female,Italy,35-44,Business,13-12-2021
1748,Female,United Arab Emirates,25-34,Family,19-06-2023
1749,Female,Russia,25-34,Business,10-08-2023
1750,Female,Germany,25-34,Business,11-08-2021
1751,Male,France,18-24,Couple,23-08-2024
1752,Other,United States,18-24,Business,09-04-2025
1753,Male,United States,35-44,Couple,29-01-2021
1754,Female,China,35-44,Family,10-10-2023
1755,Male,France,45-54,Couple,14-07-2024
1756,Other,United States,25-34,Solo,23-08-2022
1757,Female,Canada,18-24,Family,02-05-2024
1758,Male,United States,45-54,Couple,17-12-2024
1759,Male,Netherlands,18-24,Family,18-10-2024
1760,Female,France,35-44,Business,08-08-2022
1761,Female,New Zealand,45-54,Business,29-01-2025
1762,Female,South Africa,25-34,Couple,15-08-2023
1763,Male,Germany,35-44,Couple,02-05-2022
1764,Female,Thailand,25-34,Couple,22-06-2023
1765,Male,South Korea,25-34,Solo,11-11-2024
1766,Male,China,18-24,Couple,10-08-2024
1767,Other,Australia,35-44,Couple,13-11-2022
1768,Female,Thailand,45-54,Couple,11-11-2024
1769,Male,China,35-44,Business,21-04-2025
1770,Male,France,35-44,Solo,14-12-2024
1771,Female,China,35-44,Couple,01-10-2022
1772,Female,France,45-54,Solo,20-01-2021
1773,Male,Germany,18-24,Couple,13-03-2025
1774,Male,Spain,35-44,Solo,24-05-2023
1775,Male,Canada,25-34,Solo,23-09-2021
1776,Other,Netherlands,55+,Business,27-12-2020
1777,Male,Germany,35-44,Family,20-04-2025
1778,Male,Brazil,55+,Couple,17-01-2021
1779,Male,Canada,25-34,Family,13-12-2021
1780,Other,United Arab Emirates,25-34,Business,27-09-2023
1781,Male,France,35-44,Solo,21-10-2022
1782,Female,United States,35-44,Family,03-12-2021
1783,Female,United States,45-54,Business,14-09-2020
1784,Male,United Arab Emirates,55+,Family,04-07-2022
1785,Female,Japan,35-44,Family,05-06-2025
1786,Female,Mexico,45-54,Business,01-04-2024
1787,Female,Canada,55+,Couple,28-04-2023
1788,Female,Argentina,35-44,Solo,26-03-2022
1789,Female,India,25-34,Family,11-01-2024
1790,Female,China,25-34,Business,23-07-2025
1791,Male,United Kingdom,25-34,Business,27-02-2021
1792,Male,France,25-34,Couple,12-05-2023
1793,Female,Germany,35-44,Couple,27-09-2021
1794,Female,India,25-34,Business,01-08-2024
1795,Female,India,35-44,Business,18-12-2023
1796,Male,Canada,45-54,Couple,01-03-2021
1797,Female,France,55+,Couple,14-05-2024
1798,Female,India,35-44,Couple,31-05-2021
1799,Female,New Zealand,18-24,Solo,19-07-2022
1800,Female,Japan,45-54,Family,30-04-2021
1801,Female,Australia,35-44,Couple,14-06-2023
1802,Female,United States,45-54,Family,20-01-2021
1803,Female,Italy,18-24,Business,14-07-2023
1804,Female,Brazil,45-54,Family,28-11-2021
1805,Other,United Kingdom,35-44,Business,27-09-2022
1806,Male,India,25-34,Family,10-09-2024
1807,Male,France,18-24,Solo,29-01-2024
1808,Female,Brazil,18-24,Solo,19-11-2021
1809,Male,United States,18-24,Couple,01-02-2022
1810,Male,France,35-44,Business,29-04-2025
1811,Other,China,35-44,Business,02-09-2024
1812,Male,United Kingdom,25-34,Family,04-08-2022
1813,Male,Argentina,35-44,Solo,25-06-2025
1814,Female,Japan,45-54,Couple,05-07-2021
1815,Male,United Kingdom,25-34,Family,23-05-2024
1816,Female,United States,18-24,Business,26-09-2023
1817,Male,New Zealand,18-24,Solo,12-09-2020
1818,Female,United Kingdom,55+,Family,21-12-2020
1819,Female,China,55+,Business,07-01-2023
1820,Female,France,45-54,Solo,27-05-2025
1821,Other,United Kingdom,25-34,Family,05-11-2022
1822,Female,Russia,35-44,Couple,03-01-2025
1823,Male,China,18-24,Family,28-11-2020
1824,Female,Netherlands,45-54,Couple,01-05-2022
1825,Male,United States,18-24,Business,07-01-2023
1826,Female,South Korea,35-44,Couple,18-04-2021
1827,Female,Singapore,18-24,Couple,10-09-2022
1828,Male,United States,35-44,Couple,27-03-2021
1829,Other,Russia,25-34,Solo,24-11-2023
1830,Male,Germany,35-44,Family,15-02-2024
1831,Male,China,55+,Solo,16-11-2021
1832,Female,Germany,35-44,Couple,19-08-2022
1833,Female,Japan,55+,Couple,21-04-2022
1834,Male,Japan,55+,Solo,11-01-2022
1835,Female,China,18-24,Family,19-07-2025
1836,Other,Russia,25-34,Family,02-10-2020
1837,Male,Brazil,25-34,Family,27-08-2020
1838,Male,Mexico,55+,Solo,17-02-2021
1839,Male,United Kingdom,55+,Couple,29-06-2022
1840,Female,Argentina,25-34,Family,09-06-2024
1841,Male,Mexico,35-44,Family,06-10-2020
1842,Female,Canada,25-34,Solo,17-09-2022
1843,Female,Brazil,18-24,Family,30-06-2022
1844,Female,South Korea,18-24,Family,29-04-2025
1845,Female,Canada,18-24,Couple,01-04-2024
1846,Female,India,35-44,Business,11-04-2023
1847,Female,Germany,35-44,Couple,07-11-2020
1848,Male,United States,25-34,Family,15-06-2023
1849,Female,United Kingdom,55+,Family,10-01-2021
1850,Female,New Zealand,25-34,Solo,04-06-2021
1851,Male,United Kingdom,45-54,Family,21-02-2023
1852,Male,United States,25-34,Couple,05-06-2025
1853,Other,Japan,35-44,Family,14-04-2021
1854,Female,United States,35-44,Couple,03-10-2023
1855,Male,United Kingdom,55+,Family,10-09-2020
1856,Female,United Kingdom,35-44,Business,21-08-2021
1857,Male,India,25-34,Solo,16-05-2022
1858,Female,Germany,25-34,Business,23-03-2021
1859,Female,United States,18-24,Family,30-05-2022
1860,Other,Turkey,45-54,Couple,01-07-2024
1861,Other,France,35-44,Couple,01-06-2022
1862,Female,Thailand,25-34,Couple,29-07-2025
1863,Female,United States,35-44,Family,22-11-2023
1864,Male,South Africa,25-34,Business,23-09-2020
1865,Female,Germany,35-44,Couple,08-11-2022
1866,Male,Japan,35-44,Solo,14-11-2021
1867,Female,United States,55+,Couple,16-07-2024
1868,Other,Spain,45-54,Solo,24-05-2024
1869,Male,United States,18-24,Couple,19-07-2021
1870,Male,Russia,25-34,Business,27-06-2022
1871,Other,United Kingdom,45-54,Solo,11-10-2024
1872,Female,Thailand,35-44,Couple,15-03-2025
1873,Female,United Kingdom,25-34,Solo,17-09-2024
1874,Male,Spain,55+,Solo,31-12-2020
1875,Male,Mexico,45-54,Family,22-06-2025
1876,Other,United States,35-44,Couple,07-12-2022
1877,Female,South Korea,35-44,Couple,16-06-2022
1878,Female,United Kingdom,35-44,Family,08-03-2024
1879,Other,Spain,45-54,Solo,24-07-2025
1880,Other,Australia,35-44,Solo,27-02-2025
1881,Female,United Arab Emirates,25-34,Solo,23-12-2024
1882,Other,United States,25-34,Business,21-12-2023
1883,Male,Russia,35-44,Couple,31-05-2022
1884,Female,Argentina,45-54,Family,27-10-2023
1885,Female,United Arab Emirates,35-44,Solo,09-05-2023
1886,Female,Australia,35-44,Solo,29-07-2023
1887,Female,United States,25-34,Couple,25-03-2025
1888,Female,Netherlands,18-24,Family,28-10-2024
1889,Male,Germany,25-34,Couple,10-10-2024
1890,Female,United States,35-44,Business,26-08-2022
1891,Male,United Kingdom,25-34,Couple,16-10-2022
1892,Female,Thailand,45-54,Business,22-10-2020
1893,Male,United Arab Emirates,18-24,Family,14-01-2024
1894,Male,Germany,35-44,Couple,14-08-2021
1895,Male,China,18-24,Business,17-08-2020
1896,Male,Italy,25-34,Couple,06-06-2023
1897,Female,United States,45-54,Family,02-03-2024
1898,Female,United States,18-24,Couple,03-01-2021
1899,Male,United States,45-54,Couple,14-08-2022
1900,Other,Japan,25-34,Family,10-07-2025
1901,Female,Nigeria,55+,Family,27-05-2025
1902,Male,Germany,18-24,Solo,24-07-2024
1903,Female,United States,45-54,Couple,11-06-2022
1904,Male,China,55+,Couple,26-07-2022
1905,Male,China,25-34,Family,20-01-2022
1906,Male,Germany,18-24,Couple,21-11-2020
1907,Male,Brazil,35-44,Couple,18-12-2024
1908,Other,India,45-54,Couple,01-11-2023
1909,Female,Japan,45-54,Solo,13-04-2024
1910,Male,South Korea,45-54,Family,25-08-2023
1911,Female,United Kingdom,55+,Couple,13-06-2022
1912,Female,United States,45-54,Couple,06-03-2024
1913,Male,China,35-44,Solo,05-09-2023
1914,Female,Argentina,25-34,Family,18-08-2020
1915,Female,United Arab Emirates,25-34,Couple,08-05-2021
1916,Male,France,25-34,Couple,27-05-2021
1917,Female,India,35-44,Family,28-06-2024
1918,Female,United Kingdom,25-34,Family,21-05-2025
1919,Other,Turkey,35-44,Couple,17-06-2024
1920,Male,Italy,45-54,Couple,30-12-2023
1921,Female,United States,35-44,Solo,15-06-2023
1922,Male,Spain,25-34,Family,27-01-2023
1923,Female,France,35-44,Solo,03-11-2021
1924,Female,Egypt,25-34,Family,03-01-2022
1925,Male,United States,18-24,Couple,18-08-2022
1926,Female,United Kingdom,25-34,Couple,16-08-2023
1927,Male,Brazil,45-54,Couple,16-01-2021
1928,Female,India,35-44,Couple,02-12-2021
1929,Male,China,35-44,Couple,17-01-2023
1930,Female,Germany,18-24,Solo,28-02-2024
1931,Female,Germany,25-34,Family,25-02-2022
1932,Male,China,35-44,Business,07-06-2022
1933,Female,United States,45-54,Business,25-11-2021
1934,Male,Thailand,35-44,Couple,01-11-2023
1935,Male,Italy,25-34,Business,14-01-2022
1936,Female,China,35-44,Family,15-06-2022
1937,Female,Turkey,35-44,Business,04-11-2024
1938,Male,China,25-34,Business,20-09-2022
1939,Male,United States,55+,Business,24-09-2023
1940,Male,France,45-54,Couple,27-05-2025
1941,Male,China,25-34,Solo,19-07-2023
1942,Male,China,45-54,Solo,01-08-2021
1943,Male,France,35-44,Solo,23-01-2025
1944,Female,United States,35-44,Solo,08-11-2024
1945,Male,United Kingdom,25-34,Business,20-09-2020
1946,Male,Russia,35-44,Couple,25-02-2024
1947,Male,Russia,35-44,Couple,03-05-2024
1948,Male,France,25-34,Couple,10-01-2024
1949,Male,United States,25-34,Couple,10-08-2022
1950,Male,South Korea,25-34,Solo,15-07-2025
1951,Male,Thailand,45-54,Business,10-06-2021
1952,Male,Mexico,45-54,Solo,11-12-2024
1953,Male,China,35-44,Business,30-07-2021
1954,Female,United Kingdom,25-34,Business,22-05-2021
1955,Female,New Zealand,55+,Solo,04-03-2024
1956,Male,Japan,35-44,Business,18-08-2023
1957,Male,Germany,35-44,Couple,20-05-2022
1958,Female,India,55+,Couple,04-10-2023
1959,Male,Mexico,25-34,Couple,11-09-2021
1960,Female,China,35-44,Family,17-01-2023
1961,Male,Japan,35-44,Business,18-03-2025
1962,Female,United States,35-44,Couple,26-04-2022
1963,Male,Spain,25-34,Solo,25-02-2025
1964,Female,South Korea,35-44,Business,23-07-2025
1965,Female,Singapore,45-54,Solo,02-05-2022
1966,Male,United States,45-54,Family,21-06-2022
1967,Male,China,45-54,Business,11-03-2025
1968,Male,United Kingdom,35-44,Business,24-11-2021
1969,Male,Russia,35-44,Solo,03-06-2021
1970,Male,United States,35-44,Family,21-05-2023
1971,Female,Mexico,35-44,Family,07-01-2024
1972,Female,India,55+,Couple,12-10-2024
1973,Female,Argentina,35-44,Solo,11-02-2022
1974,Male,United States,35-44,Business,19-01-2023
1975,Female,Brazil,55+,Business,28-08-2021
1976,Male,United Kingdom,18-24,Family,02-08-2022
1977,Male,New Zealand,25-34,Business,29-08-2022
1978,Male,Germany,18-24,Solo,09-09-2020
1979,Male,Turkey,55+,Couple,02-01-2023
1980,Male,India,25-34,Couple,20-09-2023
1981,Female,Canada,25-34,Family,05-09-2023
1982,Male,New Zealand,25-34,Couple,29-06-2021
1983,Other,Mexico,35-44,Business,29-07-2025
1984,Female,Thailand,55+,Business,30-01-2024
1985,Male,Spain,35-44,Couple,27-07-2025
1986,Other,India,45-54,Solo,27-04-2022
1987,Male,United States,25-34,Family,13-07-2025
1988,Female,United Kingdom,45-54,Couple,21-06-2021
1989,Female,Germany,45-54,Family,24-10-2021
1990,Other,Russia,35-44,Couple,29-07-2022
1991,Male,United Arab Emirates,25-34,Family,30-03-2024
1992,Female,France,35-44,Business,05-07-2023
1993,Female,United States,45-54,Family,12-05-2025
1994,Other,Netherlands,35-44,Solo,28-04-2022
1995,Female,Germany,45-54,Business,21-09-2020
1996,Male,Netherlands,45-54,Couple,06-09-2020
1997,Female,South Korea,18-24,Couple,24-05-2023
1998,Male,China,45-54,Solo,09-12-2022
1999,Female,China,55+,Business,27-12-2024
2000,Male,South Korea,35-44,Couple,11-02-2022
